date,unit_value,accum_value,daily_ret_pct
2010-08-17,1.0,,
2010-08-18,1.0,,
2010-08-25,1.0,,
2010-08-26,1.0,,
2010-09-02,0.999,,
2010-09-09,0.998,,
2010-09-16,0.997,,
2010-09-20,0.999,,
2010-09-26,1.014,,
2010-09-27,1.012,,
2010-09-28,1.016,,
2010-09-29,1.025,,
2010-10-07,1.032,,
2010-10-10,1.039,,
2010-10-11,1.035,,
2010-10-12,1.043,,
2010-10-13,1.057,,
2010-10-14,1.051,,
2010-10-17,1.04,,
2010-10-18,1.037,,
2010-10-19,1.038,,
2010-10-20,1.034,,
2010-10-21,1.032,,
2010-10-24,1.045,,
2010-10-25,1.038,,
2010-10-26,1.03,,
2010-10-27,1.033,,
2010-10-28,1.032,,
2010-10-31,1.05,,
2010-11-01,1.055,,
2010-11-02,1.062,,
2010-11-03,1.068,,
2010-11-04,1.077,,
2010-11-07,1.082,,
2010-11-08,1.079,,
2010-11-09,1.072,,
2010-11-10,1.07,,
2010-11-11,1.041,,
2010-11-14,1.037,,
2010-11-15,1.02,,
2010-11-16,0.995,,
2010-11-17,1.025,,
2010-11-18,1.031,,
2010-11-21,1.034,,
2010-11-22,1.012,,
2010-11-23,1.021,,
2010-11-24,1.025,,
2010-11-25,1.011,,
2010-11-28,1.015,,
2010-11-29,1.012,,
2010-11-30,1.019,,
2010-12-01,1.036,,
2010-12-02,1.042,,
2010-12-05,1.045,,
2010-12-06,1.055,,
2010-12-07,1.041,,
2010-12-08,1.04,,
2010-12-09,1.034,,
2010-12-12,1.038,,
2010-12-13,1.048,,
2010-12-14,1.039,,
2010-12-15,1.025,,
2010-12-16,1.029,,
2010-12-19,1.022,,
2010-12-20,1.027,,
2010-12-21,1.032,,
2010-12-22,1.025,,
2010-12-23,1.018,,
2010-12-26,1.014,,
2010-12-27,1.009,,
2010-12-28,1.02,,
2010-12-29,1.026,,
2010-12-30,1.031,,
2011-01-03,1.049,,
2011-01-04,1.05,,
2011-01-05,1.049,,
2011-01-06,1.04,,
2011-01-09,1.034,,
2011-01-10,1.036,,
2011-01-11,1.05,,
2011-01-12,1.05,,
2011-01-13,1.046,,
2011-01-16,1.037,,
2011-01-17,1.043,,
2011-01-18,1.048,,
2011-01-19,1.028,,
2011-01-20,1.014,,
2011-01-23,1.02,,
2011-01-24,1.024,,
2011-01-25,1.025,,
2011-01-26,1.027,,
2011-01-27,1.018,,
2011-01-30,1.014,,
2011-01-31,1.02,,
2011-02-08,1.001,,
2011-02-09,0.99,,
2011-02-10,1.004,,
2011-02-13,1.014,,
2011-02-14,1.013,,
2011-02-15,1.016,,
2011-02-16,1.025,,
2011-02-17,1.028,,
2011-02-20,1.025,,
2011-02-21,1.006,,
2011-02-22,0.997,,
2011-02-23,0.992,,
2011-02-24,0.995,,
2011-02-27,0.998,,
2011-02-28,1.001,,
2011-03-01,0.999,,
2011-03-02,1.004,,
2011-03-03,1.009,,
2011-03-06,1.004,,
2011-03-07,1.007,,
2011-03-08,1.007,,
2011-03-09,0.99,,
2011-03-10,0.981,,
2011-03-13,0.992,,
2011-03-14,0.975,,
2011-03-15,0.978,,
2011-03-16,0.963,,
2011-03-17,0.969,,
2011-03-20,0.982,,
2011-03-21,0.99,,
2011-03-22,0.99,,
2011-03-23,1.004,,
2011-03-24,1.009,,
2011-03-27,1.009,,
2011-03-28,1.015,,
2011-03-29,1.023,,
2011-03-30,1.026,,
2011-03-31,1.03,,
2011-04-05,1.044,,
2011-04-06,1.042,,
2011-04-07,1.049,,
2011-04-10,1.047,,
2011-04-11,1.029,,
2011-04-12,1.039,,
2011-04-13,1.041,,
2011-04-14,1.039,,
2011-04-17,1.033,,
2011-04-18,1.026,,
2011-04-19,1.046,,
2011-04-20,1.058,,
2011-04-21,1.057,,
2011-04-24,1.058,,
2011-04-25,1.055,,
2011-04-26,1.041,,
2011-04-27,1.041,,
2011-04-28,1.036,,
2011-05-02,1.022,,
2011-05-03,1.005,,
2011-05-04,1.004,,
2011-05-05,1.009,,
2011-05-08,1.014,,
2011-05-09,1.014,,
2011-05-10,1.022,,
2011-05-11,1.005,,
2011-05-12,1.007,,
2011-05-15,1.0,,
2011-05-16,0.999,,
2011-05-17,1.009,,
2011-05-18,1.007,,
2011-05-19,1.003,,
2011-05-22,0.979,,
2011-05-23,0.985,,
2011-05-24,0.976,,
2011-05-25,0.991,,
2011-05-26,0.996,,
2011-05-29,0.999,,
2011-05-30,1.015,,
2011-05-31,1.016,,
2011-06-01,1.008,,
2011-06-02,1.003,,
2011-06-06,0.997,,
2011-06-07,0.988,,
2011-06-08,0.981,,
2011-06-09,0.973,,
2011-06-12,0.971,,
2011-06-13,0.982,,
2011-06-14,0.979,,
2011-06-15,0.964,,
2011-06-16,0.957,,
2011-06-19,0.947,,
2011-06-20,0.96,,
2011-06-21,0.965,,
2011-06-22,0.963,,
2011-06-23,0.97,,
2011-06-26,0.968,,
2011-06-27,0.971,,
2011-06-28,0.984,,
2011-06-29,0.996,,
2011-06-30,0.999,,
2011-07-03,1.012,,
2011-07-04,1.011,,
2011-07-05,1.008,,
2011-07-06,1.014,,
2011-07-07,1.018,,
2011-07-10,1.004,,
2011-07-11,0.983,,
2011-07-12,0.998,,
2011-07-13,1.002,,
2011-07-14,1.003,,
2011-07-17,1.0,,
2011-07-18,0.996,,
2011-07-19,0.998,,
2011-07-20,0.994,,
2011-07-21,1.005,,
2011-07-24,0.999,,
2011-07-25,1.008,,
2011-07-26,1.011,,
2011-07-27,1.009,,
2011-07-28,0.998,,
2011-07-31,1.005,,
2011-08-01,0.992,,
2011-08-02,0.979,,
2011-08-03,0.964,,
2011-08-04,0.937,,
2011-08-07,0.91,,
2011-08-08,0.907,,
2011-08-09,0.909,,
2011-08-10,0.908,,
2011-08-11,0.909,,
2011-08-14,0.926,,
2011-08-15,0.928,,
2011-08-16,0.93,,
2011-08-17,0.913,,
2011-08-18,0.89,,
2011-08-21,0.878,,
2011-08-22,0.896,,
2011-08-23,0.889,,
2011-08-24,0.892,,
2011-08-25,0.889,,
2011-08-28,0.904,,
2011-08-29,0.916,,
2011-08-30,0.932,,
2011-08-31,0.933,,
2011-09-01,0.926,,
2011-09-04,0.911,,
2011-09-05,0.908,,
2011-09-06,0.92,,
2011-09-07,0.918,,
2011-09-08,0.909,,
2011-09-12,0.887,,
2011-09-13,0.873,,
2011-09-14,0.875,,
2011-09-15,0.887,,
2011-09-18,0.868,,
2011-09-19,0.865,,
2011-09-20,0.86,,
2011-09-21,0.825,,
2011-09-22,0.818,,
2011-09-25,0.798,,
2011-09-26,0.825,,
2011-09-27,0.824,,
2011-09-28,0.824,,
2011-09-29,0.81,,
2011-10-09,0.821,,
2011-10-10,0.829,,
2011-10-11,0.837,,
2011-10-12,0.852,,
2011-10-13,0.85,,
2011-10-16,0.86,,
2011-10-17,0.841,,
2011-10-18,0.844,,
2011-10-19,0.829,,
2011-10-20,0.835,,
2011-10-23,0.855,,
2011-10-24,0.856,,
2011-10-25,0.861,,
2011-10-26,0.89,,
2011-10-27,0.894,,
2011-10-30,0.878,,
2011-10-31,0.862,,
2011-11-01,0.869,,
2011-11-02,0.86,,
2011-11-03,0.878,,
2011-11-06,0.875,,
2011-11-07,0.873,,
2011-11-08,0.87,,
2011-11-09,0.842,,
2011-11-10,0.85,,
2011-11-13,0.861,,
2011-11-14,0.859,,
2011-11-15,0.85,,
2011-11-16,0.847,,
2011-11-17,0.834,,
2011-11-20,0.819,,
2011-11-21,0.819,,
2011-11-22,0.804,,
2011-11-23,0.806,,
2011-11-24,0.796,,
2011-11-27,0.807,,
2011-11-28,0.818,,
2011-11-29,0.817,,
2011-11-30,0.842,,
2011-12-01,0.841,,
2011-12-04,0.842,,
2011-12-05,0.833,,
2011-12-06,0.837,,
2011-12-07,0.83,,
2011-12-08,0.816,,
2011-12-11,0.811,,
2011-12-12,0.804,,
2011-12-13,0.797,,
2011-12-14,0.788,,
2011-12-15,0.797,,
2011-12-18,0.785,,
2011-12-19,0.788,,
2011-12-20,0.802,,
2011-12-21,0.8,,
2011-12-22,0.811,,
2011-12-25,0.809,,
2011-12-26,0.807,,
2011-12-27,0.799,,
2011-12-28,0.799,,
2011-12-29,0.799,,
2011-12-30,0.799,,
2012-01-03,0.814,,
2012-01-04,0.814,,
2012-01-05,0.805,,
2012-01-08,0.809,,
2012-01-09,0.818,,
2012-01-10,0.821,,
2012-01-11,0.823,,
2012-01-12,0.823,,
2012-01-15,0.817,,
2012-01-16,0.834,,
2012-01-17,0.837,,
2012-01-18,0.844,,
2012-01-19,0.845,,
2012-01-29,0.845,,
2012-01-30,0.851,,
2012-01-31,0.855,,
2012-02-01,0.866,,
2012-02-02,0.868,,
2012-02-05,0.867,,
2012-02-06,0.867,,
2012-02-07,0.875,,
2012-02-08,0.881,,
2012-02-09,0.87,,
2012-02-12,0.873,,
2012-02-13,0.869,,
2012-02-14,0.877,,
2012-02-15,0.87,,
2012-02-16,0.875,,
2012-02-19,0.876,,
2012-02-20,0.877,,
2012-02-21,0.882,,
2012-02-22,0.879,,
2012-02-23,0.878,,
2012-02-26,0.871,,
2012-02-27,0.879,,
2012-02-28,0.886,,
2012-02-29,0.883,,
2012-03-01,0.892,,
2012-03-04,0.888,,
2012-03-05,0.874,,
2012-03-06,0.875,,
2012-03-07,0.885,,
2012-03-08,0.89,,
2012-03-11,0.888,,
2012-03-12,0.895,,
2012-03-13,0.896,,
2012-03-14,0.897,,
2012-03-15,0.897,,
2012-03-18,0.894,,
2012-03-19,0.886,,
2012-03-20,0.883,,
2012-03-21,0.883,,
2012-03-22,0.879,,
2012-03-25,0.875,,
2012-03-26,0.883,,
2012-03-27,0.885,,
2012-03-28,0.883,,
2012-03-29,0.887,,
2012-03-30,0.887,,
2012-04-04,0.896,,
2012-04-05,0.896,,
2012-04-08,0.893,,
2012-04-09,0.884,,
2012-04-10,0.881,,
2012-04-11,0.889,,
2012-04-12,0.891,,
2012-04-15,0.89,,
2012-04-16,0.888,,
2012-04-17,0.892,,
2012-04-18,0.896,,
2012-04-19,0.899,,
2012-04-22,0.887,,
2012-04-23,0.884,,
2012-04-24,0.885,,
2012-04-25,0.892,,
2012-04-26,0.895,,
2012-05-01,0.905,,
2012-05-02,0.901,,
2012-05-03,0.893,,
2012-05-06,0.884,,
2012-05-07,0.883,,
2012-05-08,0.877,,
2012-05-09,0.879,,
2012-05-10,0.876,,
2012-05-13,0.869,,
2012-05-14,0.87,,
2012-05-15,0.852,,
2012-05-16,0.853,,
2012-05-17,0.842,,
2012-05-20,0.845,,
2012-05-21,0.85,,
2012-05-22,0.845,,
2012-05-23,0.845,,
2012-05-24,0.846,,
2012-05-27,0.852,,
2012-05-28,0.862,,
2012-05-29,0.855,,
2012-05-30,0.852,,
2012-05-31,0.847,,
2012-06-03,0.832,,
2012-06-04,0.834,,
2012-06-05,0.841,,
2012-06-06,0.846,,
2012-06-07,0.85,,
2012-06-10,0.853,,
2012-06-11,0.856,,
2012-06-12,0.86,,
2012-06-13,0.855,,
2012-06-14,0.861,,
2012-06-17,0.864,,
2012-06-18,0.866,,
2012-06-19,0.867,,
2012-06-20,0.851,,
2012-06-24,0.847,,
2012-06-25,0.848,,
2012-06-26,0.854,,
2012-06-27,0.85,,
2012-06-28,0.861,,
2012-06-29,0.861,,
2012-07-01,0.861,,
2012-07-02,0.867,,
2012-07-03,0.871,,
2012-07-04,0.872,,
2012-07-05,0.876,,
2012-07-08,0.869,,
2012-07-09,0.869,,
2012-07-10,0.871,,
2012-07-11,0.862,,
2012-07-12,0.868,,
2012-07-15,0.867,,
2012-07-16,0.876,,
2012-07-17,0.869,,
2012-07-18,0.872,,
2012-07-19,0.874,,
2012-07-22,0.862,,
2012-07-23,0.861,,
2012-07-24,0.856,,
2012-07-25,0.862,,
2012-07-26,0.873,,
2012-07-29,0.875,,
2012-07-30,0.879,,
2012-07-31,0.883,,
2012-08-01,0.878,,
2012-08-02,0.881,,
2012-08-05,0.886,,
2012-08-06,0.883,,
2012-08-07,0.885,,
2012-08-08,0.887,,
2012-08-09,0.887,,
2012-08-12,0.883,,
2012-08-13,0.884,,
2012-08-14,0.88,,
2012-08-15,0.886,,
2012-08-16,0.887,,
2012-08-19,0.888,,
2012-08-20,0.891,,
2012-08-21,0.885,,
2012-08-22,0.888,,
2012-08-23,0.885,,
2012-08-26,0.881,,
2012-08-27,0.882,,
2012-08-28,0.886,,
2012-08-29,0.879,,
2012-08-30,0.881,,
2012-09-02,0.882,,
2012-09-03,0.877,,
2012-09-04,0.875,,
2012-09-05,0.882,,
2012-09-06,0.889,,
2012-09-09,0.888,,
2012-09-10,0.892,,
2012-09-11,0.897,,
2012-09-12,0.901,,
2012-09-13,0.911,,
2012-09-16,0.907,,
2012-09-17,0.899,,
2012-09-18,0.906,,
2012-09-19,0.9,,
2012-09-20,0.904,,
2012-09-23,0.903,,
2012-09-24,0.903,,
2012-09-25,0.892,,
2012-09-26,0.9,,
2012-09-27,0.907,,
2012-09-29,0.907,,
2012-10-07,0.914,,
2012-10-08,0.914,,
2012-10-09,0.914,,
2012-10-10,0.913,,
2012-10-11,0.911,,
2012-10-14,0.909,,
2012-10-15,0.913,,
2012-10-16,0.914,,
2012-10-17,0.914,,
2012-10-18,0.911,,
2012-10-21,0.915,,
2012-10-22,0.912,,
2012-10-23,0.912,,
2012-10-24,0.91,,
2012-10-25,0.904,,
2012-10-28,0.907,,
2012-10-29,0.908,,
2012-10-30,0.914,,
2012-10-31,0.924,,
2012-11-01,0.928,,
2012-11-04,0.929,,
2012-11-05,0.93,,
2012-11-06,0.927,,
2012-11-07,0.917,,
2012-11-08,0.912,,
2012-11-11,0.911,,
2012-11-12,0.903,,
2012-11-13,0.905,,
2012-11-14,0.901,,
2012-11-15,0.903,,
2012-11-18,0.914,,
2012-11-19,0.915,,
2012-11-20,0.917,,
2012-11-21,0.92,,
2012-11-22,0.926,,
2012-11-25,0.924,,
2012-11-26,0.918,,
2012-11-27,0.918,,
2012-11-28,0.924,,
2012-11-29,0.925,,
2012-12-02,0.921,,
2012-12-03,0.913,,
2012-12-04,0.93,,
2012-12-05,0.936,,
2012-12-06,0.938,,
2012-12-09,0.939,,
2012-12-10,0.94,,
2012-12-11,0.946,,
2012-12-12,0.939,,
2012-12-13,0.942,,
2012-12-16,0.94,,
2012-12-17,0.94,,
2012-12-18,0.942,,
2012-12-19,0.942,,
2012-12-20,0.94,,
2012-12-23,0.939,,
2012-12-24,0.939,,
2012-12-25,0.939,,
2012-12-26,0.945,,
2012-12-27,0.946,,
2012-12-30,0.951,,
2013-01-03,0.984,,
2013-01-06,0.987,,
2013-01-07,0.981,,
2013-01-08,0.991,,
2013-01-09,0.993,,
2013-01-10,0.989,,
2013-01-13,0.996,,
2013-01-14,1.001,,
2013-01-15,1.004,,
2013-01-16,1.003,,
2013-01-17,1.011,,
2013-01-20,1.018,,
2013-01-21,1.026,,
2013-01-22,1.027,,
2013-01-23,1.029,,
2013-01-24,1.022,,
2013-01-27,1.026,,
2013-01-28,1.03,,
2013-01-29,1.034,,
2013-01-30,1.029,,
2013-01-31,1.036,,
2013-02-03,1.038,,
2013-02-04,1.026,,
2013-02-05,1.031,,
2013-02-06,1.021,,
2013-02-07,1.027,,
2013-02-17,1.043,,
2013-02-18,1.032,,
2013-02-19,1.031,,
2013-02-20,1.02,,
2013-02-21,1.02,,
2013-02-24,1.014,,
2013-02-25,1.003,,
2013-02-26,1.012,,
2013-02-27,1.025,,
2013-02-28,1.032,,
2013-03-03,1.029,,
2013-03-04,1.039,,
2013-03-05,1.048,,
2013-03-06,1.054,,
2013-03-07,1.06,,
2013-03-10,1.061,,
2013-03-11,1.043,,
2013-03-12,1.038,,
2013-03-13,1.053,,
2013-03-14,1.049,,
2013-03-17,1.038,,
2013-03-18,1.043,,
2013-03-19,1.057,,
2013-03-20,1.054,,
2013-03-21,1.064,,
2013-03-24,1.063,,
2013-03-25,1.067,,
2013-03-26,1.077,,
2013-03-27,1.074,,
2013-03-28,1.073,,
2013-03-31,1.071,,
2013-04-01,1.067,,
2013-04-02,1.069,,
2013-04-07,1.055,,
2013-04-08,1.058,,
2013-04-09,1.067,,
2013-04-10,1.072,,
2013-04-11,1.077,,
2013-04-14,1.06,,
2013-04-15,1.056,,
2013-04-16,1.054,,
2013-04-17,1.051,,
2013-04-18,1.064,,
2013-04-21,1.069,,
2013-04-22,1.063,,
2013-04-23,1.074,,
2013-04-24,1.071,,
2013-04-25,1.065,,
2013-05-01,1.086,,
2013-05-02,1.09,,
2013-05-05,1.102,,
2013-05-06,1.113,,
2013-05-07,1.114,,
2013-05-08,1.114,,
2013-05-09,1.122,,
2013-05-12,1.115,,
2013-05-13,1.12,,
2013-05-14,1.132,,
2013-05-15,1.133,,
2013-05-16,1.132,,
2013-05-19,1.141,,
2013-05-20,1.129,,
2013-05-21,1.116,,
2013-05-22,1.095,,
2013-05-23,1.108,,
2013-05-26,1.13,,
2013-05-27,1.144,,
2013-05-28,1.137,,
2013-05-29,1.138,,
2013-05-30,1.136,,
2013-06-02,1.128,,
2013-06-03,1.142,,
2013-06-04,1.138,,
2013-06-05,1.133,,
2013-06-06,1.128,,
2013-06-12,1.101,,
2013-06-13,1.101,,
2013-06-16,1.113,,
2013-06-17,1.126,,
2013-06-18,1.12,,
2013-06-19,1.095,,
2013-06-20,1.095,,
2013-06-23,1.055,,
2013-06-24,1.041,,
2013-06-25,1.071,,
2013-06-26,1.071,,
2013-06-27,1.087,,
2013-06-29,1.087,,
2013-06-30,1.088,,
2013-07-01,1.089,,
2013-07-02,1.067,,
2013-07-03,1.073,,
2013-07-04,1.084,,
2013-07-07,1.084,,
2013-07-08,1.083,,
2013-07-09,1.084,,
2013-07-10,1.106,,
2013-07-11,1.111,,
2013-07-14,1.124,,
2013-07-15,1.128,,
2013-07-16,1.127,,
2013-07-17,1.131,,
2013-07-18,1.123,,
2013-07-21,1.122,,
2013-07-22,1.14,,
2013-07-23,1.149,,
2013-07-24,1.149,,
2013-07-25,1.151,,
2013-07-28,1.139,,
2013-07-29,1.146,,
2013-07-30,1.147,,
2013-07-31,1.159,,
2013-08-01,1.163,,
2013-08-04,1.167,,
2013-08-05,1.16,,
2013-08-06,1.147,,
2013-08-07,1.148,,
2013-08-08,1.158,,
2013-08-11,1.167,,
2013-08-12,1.177,,
2013-08-13,1.174,,
2013-08-14,1.155,,
2013-08-15,1.16,,
2013-08-18,1.163,,
2013-08-19,1.148,,
2013-08-20,1.144,,
2013-08-21,1.15,,
2013-08-22,1.155,,
2013-08-25,1.167,,
2013-08-26,1.162,,
2013-08-27,1.146,,
2013-08-28,1.155,,
2013-08-29,1.154,,
2013-09-01,1.156,,
2013-09-02,1.166,,
2013-09-03,1.164,,
2013-09-04,1.168,,
2013-09-05,1.168,,
2013-09-08,1.168,,
2013-09-09,1.177,,
2013-09-10,1.181,,
2013-09-11,1.172,,
2013-09-12,1.171,,
2013-09-15,1.183,,
2013-09-16,1.19,,
2013-09-17,1.191,,
2013-09-22,1.198,,
2013-09-23,1.189,,
2013-09-24,1.201,,
2013-09-25,1.202,,
2013-09-26,1.2,,
2013-09-29,1.197,,
2013-10-07,1.218,,
2013-10-08,1.222,,
2013-10-09,1.224,,
2013-10-10,1.233,,
2013-10-13,1.232,,
2013-10-14,1.235,,
2013-10-15,1.236,,
2013-10-16,1.243,,
2013-10-17,1.256,,
2013-10-20,1.263,,
2013-10-21,1.259,,
2013-10-22,1.242,,
2013-10-23,1.242,,
2013-10-24,1.228,,
2013-10-27,1.221,,
2013-10-28,1.217,,
2013-10-29,1.227,,
2013-10-30,1.225,,
2013-10-31,1.233,,
2013-11-03,1.235,,
2013-11-04,1.234,,
2013-11-05,1.223,,
2013-11-06,1.212,,
2013-11-07,1.21,,
2013-11-10,1.218,,
2013-11-11,1.217,,
2013-11-12,1.215,,
2013-11-13,1.225,,
2013-11-14,1.249,,
2013-11-17,1.264,,
2013-11-18,1.26,,
2013-11-19,1.265,,
2013-11-20,1.27,,
2013-11-21,1.279,,
2013-11-24,1.285,,
2013-11-25,1.287,,
2013-11-26,1.299,,
2013-11-27,1.301,,
2013-11-28,1.311,,
2013-12-01,1.318,,
2013-12-02,1.321,,
2013-12-03,1.327,,
2013-12-04,1.331,,
2013-12-05,1.33,,
2013-12-08,1.334,,
2013-12-09,1.339,,
2013-12-10,1.325,,
2013-12-11,1.324,,
2013-12-12,1.337,,
2013-12-15,1.33,,
2013-12-16,1.321,,
2013-12-17,1.33,,
2013-12-18,1.328,,
2013-12-19,1.319,,
2013-12-22,1.323,,
2013-12-23,1.338,,
2013-12-24,1.338,,
2013-12-25,1.338,,
2013-12-26,1.346,,
2013-12-29,1.355,,
2013-12-30,1.364,,
2014-01-01,1.369,,
2014-01-02,1.363,,
2014-01-05,1.363,,
2014-01-06,1.367,,
2014-01-07,1.384,,
2014-01-08,1.376,,
2014-01-09,1.374,,
2014-01-12,1.376,,
2014-01-13,1.382,,
2014-01-14,1.375,,
2014-01-15,1.375,,
2014-01-16,1.385,,
2014-01-19,1.379,,
2014-01-20,1.381,,
2014-01-21,1.39,,
2014-01-22,1.382,,
2014-01-23,1.353,,
2014-01-26,1.333,,
2014-01-27,1.348,,
2014-01-28,1.356,,
2014-01-29,1.359,,
2014-02-06,1.355,,
2014-02-09,1.364,,
2014-02-10,1.374,,
2014-02-11,1.389,,
2014-02-12,1.396,,
2014-02-13,1.407,,
2014-02-16,1.411,,
2014-02-17,1.416,,
2014-02-18,1.419,,
2014-02-19,1.414,,
2014-02-20,1.421,,
2014-02-23,1.416,,
2014-02-24,1.414,,
2014-02-25,1.428,,
2014-02-26,1.446,,
2014-02-27,1.451,,
2014-03-02,1.436,,
2014-03-03,1.454,,
2014-03-04,1.459,,
2014-03-05,1.461,,
2014-03-06,1.455,,
2014-03-09,1.449,,
2014-03-10,1.455,,
2014-03-11,1.44,,
2014-03-12,1.434,,
2014-03-13,1.413,,
2014-03-16,1.408,,
2014-03-17,1.431,,
2014-03-18,1.431,,
2014-03-19,1.424,,
2014-03-20,1.416,,
2014-03-23,1.415,,
2014-03-24,1.4,,
2014-03-25,1.399,,
2014-03-26,1.375,,
2014-03-27,1.38,,
2014-03-30,1.387,,
2014-03-31,1.411,,
2014-04-01,1.408,,
2014-04-02,1.397,,
2014-04-03,1.383,,
2014-04-07,1.371,,
2014-04-08,1.385,,
2014-04-09,1.393,,
2014-04-10,1.377,,
2014-04-13,1.378,,
2014-04-14,1.37,,
2014-04-15,1.373,,
2014-04-16,1.375,,
2014-04-17,1.375,,
2014-04-20,1.376,,
2014-04-21,1.382,,
2014-04-22,1.385,,
2014-04-23,1.386,,
2014-04-24,1.378,,
2014-04-27,1.363,,
2014-04-28,1.36,,
2014-04-29,1.351,,
2014-05-04,1.358,,
2014-05-05,1.355,,
2014-05-06,1.339,,
2014-05-07,1.335,,
2014-05-08,1.332,,
2014-05-11,1.346,,
2014-05-12,1.351,,
2014-05-13,1.354,,
2014-05-14,1.359,,
2014-05-15,1.355,,
2014-05-18,1.359,,
2014-05-19,1.365,,
2014-05-20,1.37,,
2014-05-21,1.383,,
2014-05-22,1.383,,
2014-05-25,1.388,,
2014-05-26,1.386,,
2014-05-27,1.387,,
2014-05-28,1.381,,
2014-05-29,1.386,,
2014-06-02,1.391,,
2014-06-03,1.385,,
2014-06-04,1.389,,
2014-06-05,1.386,,
2014-06-08,1.389,,
2014-06-09,1.397,,
2014-06-10,1.403,,
2014-06-11,1.398,,
2014-06-12,1.407,,
2014-06-15,1.407,,
2014-06-16,1.401,,
2014-06-17,1.402,,
2014-06-18,1.399,,
2014-06-19,1.401,,
2014-06-22,1.395,,
2014-06-23,1.395,,
2014-06-24,1.401,,
2014-06-25,1.41,,
2014-06-26,1.414,,
2014-06-29,1.413,,
2014-06-30,1.417,,
2014-07-01,1.427,,
2014-07-02,1.433,,
2014-07-03,1.435,,
2014-07-06,1.43,,
2014-07-07,1.42,,
2014-07-08,1.411,,
2014-07-09,1.411,,
2014-07-10,1.412,,
2014-07-13,1.416,,
2014-07-14,1.418,,
2014-07-15,1.423,,
2014-07-16,1.414,,
2014-07-17,1.418,,
2014-07-20,1.417,,
2014-07-21,1.428,,
2014-07-22,1.431,,
2014-07-23,1.436,,
2014-07-24,1.436,,
2014-07-27,1.439,,
2014-07-28,1.437,,
2014-07-29,1.437,,
2014-07-30,1.426,,
2014-07-31,1.42,,
2014-08-03,1.424,,
2014-08-04,1.422,,
2014-08-05,1.424,,
2014-08-06,1.417,,
2014-08-07,1.412,,
2014-08-10,1.425,,
2014-08-11,1.429,,
2014-08-12,1.44,,
2014-08-13,1.438,,
2014-08-14,1.441,,
2014-08-17,1.441,,
2014-08-18,1.456,,
2014-08-19,1.459,,
2014-08-20,1.461,,
2014-08-21,1.47,,
2014-08-24,1.489,,
2014-08-25,1.484,,
2014-08-26,1.476,,
2014-08-27,1.461,,
2014-08-28,1.464,,
2014-08-31,1.477,,
2014-09-01,1.49,,
2014-09-02,1.507,,
2014-09-03,1.505,,
2014-09-04,1.504,,
2014-09-08,1.505,,
2014-09-09,1.495,,
2014-09-10,1.489,,
2014-09-11,1.488,,
2014-09-14,1.472,,
2014-09-15,1.462,,
2014-09-16,1.473,,
2014-09-17,1.479,,
2014-09-18,1.49,,
2014-09-21,1.471,,
2014-09-22,1.469,,
2014-09-23,1.483,,
2014-09-24,1.48,,
2014-09-25,1.479,,
2014-09-28,1.457,,
2014-09-29,1.452,,
2014-10-07,1.472,,
2014-10-08,1.468,,
2014-10-09,1.455,,
2014-10-12,1.432,,
2014-10-13,1.424,,
2014-10-14,1.44,,
2014-10-15,1.438,,
2014-10-16,1.447,,
2014-10-19,1.465,,
2014-10-20,1.473,,
2014-10-21,1.473,,
2014-10-22,1.47,,
2014-10-23,1.48,,
2014-10-26,1.474,,
2014-10-27,1.485,,
2014-10-28,1.485,,
2014-10-29,1.483,,
2014-10-30,1.502,,
2014-11-02,1.508,,
2014-11-03,1.509,,
2014-11-04,1.493,,
2014-11-05,1.494,,
2014-11-06,1.501,,
2014-11-09,1.511,,
2014-11-10,1.512,,
2014-11-11,1.527,,
2014-11-12,1.523,,
2014-11-13,1.531,,
2014-11-16,1.52,,
2014-11-17,1.513,,
2014-11-18,1.504,,
2014-11-19,1.503,,
2014-11-20,1.503,,
2014-11-23,1.502,,
2014-11-24,1.511,,
2014-11-25,1.511,,
2014-11-26,1.506,,
2014-11-27,1.503,,
2014-11-30,1.469,,
2014-12-01,1.482,,
2014-12-02,1.472,,
2014-12-03,1.493,,
2014-12-04,1.487,,
2014-12-07,1.486,,
2014-12-08,1.44,,
2014-12-09,1.464,,
2014-12-10,1.444,,
2014-12-11,1.453,,
2014-12-14,1.445,,
2014-12-15,1.444,,
2014-12-16,1.428,,
2014-12-17,1.429,,
2014-12-18,1.43,,
2014-12-21,1.436,,
2014-12-22,1.42,,
2014-12-23,1.415,,
2014-12-24,1.413,,
2014-12-25,1.414,,
2014-12-28,1.452,,
2014-12-29,1.462,,
2014-12-30,1.489,,
2015-01-04,1.501,,
2015-01-05,1.49,,
2015-01-06,1.489,,
2015-01-07,1.492,,
2015-01-08,1.511,,
2015-01-11,1.494,,
2015-01-12,1.495,,
2015-01-13,1.487,,
2015-01-14,1.505,,
2015-01-15,1.503,,
2015-01-18,1.443,,
2015-01-19,1.469,,
2015-01-20,1.494,,
2015-01-21,1.492,,
2015-01-22,1.512,,
2015-01-25,1.513,,
2015-01-26,1.497,,
2015-01-27,1.493,,
2015-01-28,1.475,,
2015-01-29,1.481,,
2015-02-01,1.461,,
2015-02-02,1.471,,
2015-02-03,1.465,,
2015-02-04,1.462,,
2015-02-05,1.454,,
2015-02-08,1.452,,
2015-02-09,1.407,,
2015-02-10,1.409,,
2015-02-11,1.41,,
2015-02-12,1.424,,
2015-02-15,1.428,,
2015-02-16,1.435,,
2015-02-24,1.443,,
2015-02-25,1.455,,
2015-02-26,1.457,,
2015-03-01,1.461,,
2015-03-02,1.444,,
2015-03-03,1.427,,
2015-03-04,1.419,,
2015-03-05,1.422,,
2015-03-08,1.423,,
2015-03-09,1.411,,
2015-03-10,1.405,,
2015-03-11,1.416,,
2015-03-12,1.421,,
2015-03-15,1.44,,
2015-03-16,1.44,,
2015-03-17,1.452,,
2015-03-18,1.462,,
2015-03-19,1.473,,
2015-03-22,1.477,,
2015-03-23,1.467,,
2015-03-24,1.468,,
2015-03-25,1.463,,
2015-03-26,1.471,,
2015-03-29,1.514,,
2015-03-30,1.516,,
2015-03-31,1.547,,
2015-04-01,1.565,,
2015-04-02,1.564,,
2015-04-06,1.564,,
2015-04-07,1.684,,
2015-04-08,1.707,,
2015-04-09,1.719,,
2015-04-12,1.755,,
2015-04-13,1.721,,
2015-04-14,1.717,,
2015-04-15,1.731,,
2015-04-16,1.717,,
2015-04-19,1.678,,
2015-04-20,1.72,,
2015-04-21,1.74,,
2015-04-22,1.735,,
2015-04-23,1.738,,
2015-04-26,1.76,,
2015-04-27,1.757,,
2015-04-28,1.75,,
2015-04-29,1.748,,
2015-05-03,1.754,,
2015-05-04,1.72,,
2015-05-05,1.709,,
2015-05-06,1.679,,
2015-05-07,1.713,,
2015-05-10,1.731,,
2015-05-11,1.71,,
2015-05-12,1.699,,
2015-05-13,1.702,,
2015-05-14,1.723,,
2015-05-17,1.715,,
2015-05-18,1.736,,
2015-05-19,1.732,,
2015-05-20,1.727,,
2015-05-21,1.758,,
2015-05-24,1.759,,
2015-05-25,1.79,,
2015-05-26,1.781,,
2015-05-27,1.733,,
2015-05-28,1.733,,
2015-05-31,1.758,,
2015-06-01,1.739,,
2015-06-02,1.726,,
2015-06-03,1.723,,
2015-06-04,1.708,,
2015-06-07,1.703,,
2015-06-08,1.662,,
2015-06-09,1.656,,
2015-06-10,1.667,,
2015-06-11,1.701,,
2015-06-14,1.674,,
2015-06-15,1.647,,
2015-06-16,1.668,,
2015-06-17,1.666,,
2015-06-18,1.647,,
2015-06-22,1.682,,
2015-06-23,1.702,,
2015-06-24,1.689,,
2015-06-25,1.656,,
2015-06-28,1.599,,
2015-06-29,1.637,,
2015-06-30,1.636,,
2015-07-01,1.61,,
2015-07-02,1.564,,
2015-07-05,1.478,,
2015-07-06,1.42,,
2015-07-07,1.346,,
2015-07-08,1.478,,
2015-07-09,1.526,,
2015-07-12,1.556,,
2015-07-13,1.547,,
2015-07-14,1.523,,
2015-07-15,1.533,,
2015-07-16,1.559,,
2015-07-19,1.559,,
2015-07-20,1.571,,
2015-07-21,1.558,,
2015-07-22,1.571,,
2015-07-23,1.555,,
2015-07-26,1.497,,
2015-07-27,1.491,,
2015-07-28,1.495,,
2015-07-29,1.491,,
2015-07-30,1.49,,
2015-08-02,1.471,,
2015-08-03,1.48,,
2015-08-04,1.482,,
2015-08-05,1.48,,
2015-08-06,1.49,,
2015-08-09,1.506,,
2015-08-10,1.525,,
2015-08-11,1.516,,
2015-08-12,1.534,,
2015-08-13,1.54,,
2015-08-16,1.533,,
2015-08-17,1.508,,
2015-08-18,1.501,,
2015-08-19,1.473,,
2015-08-20,1.441,,
2015-08-23,1.365,,
2015-08-24,1.38,,
2015-08-25,1.383,,
2015-08-26,1.44,,
2015-08-27,1.444,,
2015-08-30,1.431,,
2015-08-31,1.404,,
2015-09-01,1.398,,
2015-09-06,1.395,,
2015-09-07,1.433,,
2015-09-08,1.464,,
2015-09-09,1.452,,
2015-09-10,1.451,,
2015-09-13,1.448,,
2015-09-14,1.437,,
2015-09-15,1.464,,
2015-09-16,1.466,,
2015-09-17,1.481,,
2015-09-20,1.475,,
2015-09-21,1.474,,
2015-09-22,1.451,,
2015-09-23,1.452,,
2015-09-24,1.449,,
2015-09-27,1.447,,
2015-09-28,1.425,,
2015-09-29,1.438,,
2015-10-07,1.487,,
2015-10-08,1.495,,
2015-10-11,1.507,,
2015-10-12,1.497,,
2015-10-13,1.492,,
2015-10-14,1.509,,
2015-10-15,1.512,,
2015-10-18,1.512,,
2015-10-19,1.516,,
2015-10-20,1.513,,
2015-10-21,1.51,,
2015-10-22,1.525,,
2015-10-25,1.521,,
2015-10-26,1.52,,
2015-10-27,1.516,,
2015-10-28,1.514,,
2015-10-29,1.5,,
2015-11-01,1.484,,
2015-11-02,1.492,,
2015-11-03,1.519,,
2015-11-04,1.523,,
2015-11-05,1.53,,
2015-11-08,1.526,,
2015-11-09,1.512,,
2015-11-10,1.508,,
2015-11-11,1.523,,
2015-11-12,1.52,,
2015-11-15,1.505,,
2015-11-16,1.517,,
2015-11-17,1.522,,
2015-11-18,1.54,,
2015-11-19,1.552,,
2015-11-22,1.551,,
2015-11-23,1.55,,
2015-11-24,1.549,,
2015-11-25,1.544,,
2015-11-26,1.519,,
2015-11-29,1.52,,
2015-11-30,1.529,,
2015-12-01,1.537,,
2015-12-02,1.533,,
2015-12-03,1.523,,
2015-12-06,1.527,,
2015-12-07,1.514,,
2015-12-08,1.509,,
2015-12-09,1.501,,
2015-12-10,1.477,,
2015-12-13,1.483,,
2015-12-14,1.484,,
2015-12-15,1.504,,
2015-12-16,1.521,,
2015-12-17,1.509,,
2015-12-20,1.511,,
2015-12-21,1.514,,
2015-12-22,1.522,,
2015-12-23,1.523,,
2015-12-24,1.522,,
2015-12-27,1.514,,
2015-12-28,1.52,,
2015-12-29,1.52,,
2015-12-30,1.527,,
2016-01-03,1.492,,
2016-01-04,1.486,,
2016-01-05,1.479,,
2016-01-06,1.436,,
2016-01-07,1.438,,
2016-01-10,1.394,,
2016-01-11,1.389,,
2016-01-12,1.396,,
2016-01-13,1.387,,
2016-01-14,1.365,,
2016-01-17,1.351,,
2016-01-18,1.377,,
2016-01-19,1.337,,
2016-01-20,1.317,,
2016-01-21,1.349,,
2016-01-24,1.366,,
2016-01-25,1.339,,
2016-01-26,1.344,,
2016-01-27,1.356,,
2016-01-28,1.383,,
2016-01-31,1.391,,
2016-02-01,1.394,,
2016-02-02,1.374,,
2016-02-03,1.377,,
2016-02-04,1.369,,
2016-02-14,1.346,,
2016-02-15,1.362,,
2016-02-16,1.358,,
2016-02-17,1.377,,
2016-02-18,1.379,,
2016-02-21,1.369,,
2016-02-22,1.365,,
2016-02-23,1.356,,
2016-02-24,1.344,,
2016-02-25,1.362,,
2016-02-28,1.355,,
2016-02-29,1.371,,
2016-03-01,1.399,,
2016-03-02,1.391,,
2016-03-03,1.398,,
2016-03-06,1.394,,
2016-03-07,1.383,,
2016-03-08,1.375,,
2016-03-09,1.37,,
2016-03-10,1.376,,
2016-03-13,1.395,,
2016-03-14,1.387,,
2016-03-15,1.384,,
2016-03-16,1.399,,
2016-03-17,1.416,,
2016-03-20,1.429,,
2016-03-21,1.441,,
2016-03-22,1.43,,
2016-03-23,1.427,,
2016-03-24,1.428,,
2016-03-27,1.429,,
2016-03-28,1.433,,
2016-03-29,1.434,,
2016-03-30,1.43,,
2016-03-31,1.431,,
2016-04-04,1.418,,
2016-04-05,1.431,,
2016-04-06,1.437,,
2016-04-07,1.436,,
2016-04-10,1.44,,
2016-04-11,1.439,,
2016-04-12,1.454,,
2016-04-13,1.466,,
2016-04-14,1.466,,
2016-04-17,1.459,,
2016-04-18,1.461,,
2016-04-19,1.439,,
2016-04-20,1.448,,
2016-04-21,1.446,,
2016-04-24,1.438,,
2016-04-25,1.432,,
2016-04-26,1.427,,
2016-04-27,1.437,,
2016-04-28,1.429,,
2016-05-02,1.427,,
2016-05-03,1.434,,
2016-05-04,1.433,,
2016-05-05,1.426,,
2016-05-08,1.423,,
2016-05-09,1.424,,
2016-05-10,1.424,,
2016-05-11,1.419,,
2016-05-12,1.415,,
2016-05-15,1.419,,
2016-05-16,1.422,,
2016-05-17,1.416,,
2016-05-18,1.414,,
2016-05-19,1.415,,
2016-05-22,1.411,,
2016-05-23,1.412,,
2016-05-24,1.423,,
2016-05-25,1.422,,
2016-05-26,1.43,,
2016-05-29,1.435,,
2016-05-30,1.44,,
2016-05-31,1.439,,
2016-06-01,1.438,,
2016-06-02,1.441,,
2016-06-05,1.443,,
2016-06-06,1.452,,
2016-06-07,1.45,,
2016-06-12,1.426,,
2016-06-13,1.421,,
2016-06-14,1.43,,
2016-06-15,1.42,,
2016-06-16,1.426,,
2016-06-19,1.429,,
2016-06-20,1.431,,
2016-06-21,1.44,,
2016-06-22,1.435,,
2016-06-23,1.424,,
2016-06-26,1.431,,
2016-06-27,1.433,,
2016-06-28,1.439,,
2016-06-29,1.451,,
2016-06-30,1.454,,
2016-07-03,1.463,,
2016-07-04,1.455,,
2016-07-05,1.453,,
2016-07-06,1.455,,
2016-07-07,1.45,,
2016-07-10,1.46,,
2016-07-11,1.478,,
2016-07-12,1.477,,
2016-07-13,1.483,,
2016-07-14,1.483,,
2016-07-17,1.49,,
2016-07-18,1.489,,
2016-07-19,1.498,,
2016-07-20,1.497,,
2016-07-21,1.494,,
2016-07-24,1.499,,
2016-07-25,1.507,,
2016-07-26,1.5,,
2016-07-27,1.503,,
2016-07-28,1.489,,
2016-07-31,1.496,,
2016-08-02,1.484,,
2016-08-03,1.494,,
2016-08-04,1.509,,
2016-08-07,1.525,,
2016-08-08,1.523,,
2016-08-09,1.522,,
2016-08-10,1.525,,
2016-08-11,1.542,,
2016-08-14,1.551,,
2016-08-15,1.547,,
2016-08-16,1.532,,
2016-08-17,1.551,,
2016-08-18,1.544,,
2016-08-21,1.552,,
2016-08-22,1.544,,
2016-08-23,1.539,,
2016-08-24,1.536,,
2016-08-25,1.543,,
2016-08-28,1.545,,
2016-08-29,1.558,,
2016-08-30,1.557,,
2016-08-31,1.549,,
2016-09-01,1.558,,
2016-09-05,1.594,,
2016-09-06,1.586,,
2016-09-07,1.591,,
2016-09-08,1.591,,
2016-09-11,1.558,,
2016-09-12,1.551,,
2016-09-13,1.554,,
2016-09-18,1.568,,
2016-09-19,1.564,,
2016-09-20,1.579,,
2016-09-21,1.587,,
2016-09-22,1.586,,
2016-09-25,1.455,,
2016-09-26,1.465,,
2016-09-27,1.462,,
2016-09-29,1.462,,
2016-10-09,1.484,,
2016-10-10,1.484,,
2016-10-11,1.475,,
2016-10-12,1.459,,
2016-10-13,1.461,,
2016-10-16,1.464,,
2016-10-17,1.481,,
2016-10-18,1.475,,
2016-10-19,1.479,,
2016-10-23,1.494,,
2016-10-24,1.495,,
2016-10-25,1.481,,
2016-10-26,1.475,,
2016-10-27,1.474,,
2016-10-30,1.462,,
2016-10-31,1.464,,
2016-11-01,1.447,,
2016-11-02,1.444,,
2016-11-03,1.443,,
2016-11-06,1.464,,
2016-11-07,1.473,,
2016-11-08,1.459,,
2016-11-09,1.474,,
2016-11-10,1.466,,
2016-11-13,1.457,,
2016-11-14,1.463,,
2016-11-15,1.472,,
2016-11-16,1.472,,
2016-11-17,1.473,,
2016-11-20,1.477,,
2016-11-21,1.485,,
2016-11-22,1.484,,
2016-11-24,1.487,,
2016-11-27,1.497,,
2016-11-28,1.493,,
2016-11-29,1.496,,
2016-11-30,1.497,,
2016-12-01,1.479,,
2016-12-04,1.472,,
2016-12-05,1.469,,
2016-12-06,1.477,,
2016-12-07,1.483,,
2016-12-08,1.479,,
2016-12-11,1.459,,
2016-12-12,1.461,,
2016-12-13,1.462,,
2016-12-14,1.454,,
2016-12-15,1.461,,
2016-12-18,1.449,,
2016-12-19,1.445,,
2016-12-20,1.454,,
2016-12-21,1.443,,
2016-12-22,1.442,,
2016-12-27,1.45,,
2016-12-28,1.454,,
2016-12-29,1.459,,
2016-12-30,1.459,,
2017-01-02,1.468,,
2017-01-03,1.474,,
2017-01-04,1.487,,
2017-01-05,1.472,,
2017-01-08,1.485,,
2017-01-09,1.502,,
2017-01-10,1.506,,
2017-01-11,1.5,,
2017-01-12,1.493,,
2017-01-16,1.498,,
2017-01-17,1.498,,
2017-01-18,1.499,,
2017-01-19,1.5,,
2017-01-22,1.504,,
2017-01-23,1.513,,
2017-01-24,1.519,,
2017-01-25,1.531,,
2017-02-02,1.517,,
2017-02-05,1.528,,
2017-02-06,1.531,,
2017-02-07,1.547,,
2017-02-08,1.548,,
2017-02-09,1.554,,
2017-02-12,1.574,,
2017-02-13,1.568,,
2017-02-14,1.568,,
2017-02-15,1.575,,
2017-02-16,1.569,,
2017-02-20,1.577,,
2017-02-21,1.596,,
2017-02-22,1.591,,
2017-02-23,1.576,,
2017-02-26,1.578,,
2017-02-27,1.567,,
2017-02-28,1.572,,
2017-03-01,1.57,,
2017-03-02,1.569,,
2017-03-05,1.572,,
2017-03-06,1.579,,
2017-03-07,1.585,,
2017-03-08,1.569,,
2017-03-09,1.572,,
2017-03-12,1.593,,
2017-03-13,1.599,,
2017-03-14,1.597,,
2017-03-15,1.623,,
2017-03-16,1.627,,
2017-03-19,1.638,,
2017-03-20,1.639,,
2017-03-21,1.623,,
2017-03-22,1.632,,
2017-03-23,1.638,,
2017-03-26,1.621,,
2017-03-27,1.627,,
2017-03-28,1.628,,
2017-03-29,1.615,,
2017-03-30,1.626,,
2017-04-04,1.643,,
2017-04-05,1.641,,
2017-04-06,1.65,,
2017-04-09,1.638,,
2017-04-10,1.633,,
2017-04-11,1.639,,
2017-04-12,1.635,,
2017-04-17,1.623,,
2017-04-18,1.62,,
2017-04-19,1.635,,
2017-04-20,1.638,,
2017-04-23,1.64,,
2017-04-24,1.651,,
2017-04-25,1.655,,
2017-04-26,1.651,,
2017-04-27,1.65,,
2017-05-01,1.669,,
2017-05-03,1.657,,
2017-05-04,1.643,,
2017-05-07,1.649,,
2017-05-08,1.678,,
2017-05-09,1.686,,
2017-05-10,1.685,,
2017-05-11,1.681,,
2017-05-14,1.693,,
2017-05-15,1.703,,
2017-05-16,1.692,,
2017-05-17,1.675,,
2017-05-18,1.689,,
2017-05-21,1.705,,
2017-05-22,1.703,,
2017-05-23,1.704,,
2017-05-24,1.708,,
2017-05-25,1.711,,
2017-05-30,1.709,,
2017-05-31,1.71,,
2017-06-01,1.714,,
2017-06-04,1.712,,
2017-06-05,1.708,,
2017-06-06,1.72,,
2017-06-07,1.741,,
2017-06-08,1.75,,
2017-06-11,1.728,,
2017-06-12,1.737,,
2017-06-13,1.735,,
2017-06-14,1.711,,
2017-06-15,1.714,,
2017-06-18,1.735,,
2017-06-19,1.74,,
2017-06-20,1.744,,
2017-06-21,1.743,,
2017-06-22,1.748,,
2017-06-25,1.755,,
2017-06-26,1.754,,
2017-06-27,1.724,,
2017-06-28,1.541,,
2017-06-29,1.525,,
2017-07-02,1.539,,
2017-07-04,1.536,,
2017-07-05,1.539,,
2017-07-06,1.533,,
2017-07-09,1.54,,
2017-07-10,1.558,,
2017-07-11,1.559,,
2017-07-12,1.576,,
2017-07-13,1.58,,
2017-07-16,1.574,,
2017-07-17,1.594,,
2017-07-18,1.616,,
2017-07-19,1.613,,
2017-07-20,1.603,,
2017-07-23,1.611,,
2017-07-24,1.604,,
2017-07-25,1.591,,
2017-07-26,1.592,,
2017-07-27,1.592,,
2017-07-30,1.607,,
2017-07-31,1.603,,
2017-08-01,1.607,,
2017-08-02,1.596,,
2017-08-03,1.599,,
2017-08-06,1.624,,
2017-08-07,1.635,,
2017-08-08,1.623,,
2017-08-09,1.596,,
2017-08-10,1.546,,
2017-08-13,1.583,,
2017-08-14,1.585,,
2017-08-15,1.601,,
2017-08-16,1.609,,
2017-08-17,1.607,,
2017-08-20,1.621,,
2017-08-21,1.615,,
2017-08-23,1.611,,
2017-08-24,1.621,,
2017-08-27,1.61,,
2017-08-28,1.599,,
2017-08-29,1.61,,
2017-08-30,1.619,,
2017-08-31,1.622,,
2017-09-04,1.599,,
2017-09-05,1.597,,
2017-09-06,1.605,,
2017-09-07,1.605,,
2017-09-10,1.613,,
2017-09-11,1.639,,
2017-09-12,1.649,,
2017-09-13,1.637,,
2017-09-14,1.629,,
2017-09-17,1.641,,
2017-09-18,1.638,,
2017-09-19,1.658,,
2017-09-20,1.687,,
2017-09-21,1.671,,
2017-09-24,1.627,,
2017-09-25,1.626,,
2017-09-26,1.646,,
2017-09-27,1.629,,
2017-09-28,1.642,,
2017-10-08,1.696,,
2017-10-09,1.706,,
2017-10-10,1.694,,
2017-10-11,1.697,,
2017-10-12,1.701,,
2017-10-15,1.711,,
2017-10-16,1.697,,
2017-10-17,1.702,,
2017-10-18,1.665,,
2017-10-19,1.697,,
2017-10-22,1.697,,
2017-10-23,1.681,,
2017-10-24,1.685,,
2017-10-25,1.668,,
2017-10-26,1.666,,
2017-10-29,1.672,,
2017-10-30,1.674,,
2017-10-31,1.687,,
2017-11-01,1.687,,
2017-11-02,1.678,,
2017-11-05,1.691,,
2017-11-06,1.702,,
2017-11-07,1.694,,
2017-11-08,1.725,,
2017-11-09,1.744,,
2017-11-12,1.759,,
2017-11-13,1.748,,
2017-11-14,1.715,,
2017-11-15,1.742,,
2017-11-16,1.742,,
2017-11-19,1.748,,
2017-11-20,1.775,,
2017-11-21,1.783,,
2017-11-23,1.743,,
2017-11-26,1.716,,
2017-11-27,1.722,,
2017-11-28,1.713,,
2017-11-29,1.675,,
2017-11-30,1.663,,
2017-12-03,1.68,,
2017-12-04,1.654,,
2017-12-05,1.599,,
2017-12-06,1.607,,
2017-12-07,1.656,,
2017-12-10,1.685,,
2017-12-11,1.646,,
2017-12-12,1.66,,
2017-12-13,1.658,,
2017-12-14,1.633,,
2017-12-17,1.633,,
2017-12-18,1.649,,
2017-12-19,1.637,,
2017-12-20,1.648,,
2017-12-21,1.661,,
2017-12-26,1.648,,
2017-12-27,1.674,,
2017-12-28,1.683,,
2017-12-30,1.683,,
2018-01-01,1.723,,
2018-01-02,1.735,,
2018-01-03,1.75,,
2018-01-04,1.737,,
2018-01-07,1.753,,
2018-01-08,1.76,,
2018-01-09,1.759,,
2018-01-10,1.752,,
2018-01-11,1.758,,
2018-01-15,1.741,,
2018-01-16,1.749,,
2018-01-17,1.747,,
2018-01-18,1.755,,
2018-01-21,1.777,,
2018-01-22,1.802,,
2018-01-23,1.788,,
2018-01-24,1.775,,
2018-01-25,1.796,,
2018-01-28,1.779,,
2018-01-29,1.766,,
2018-01-30,1.788,,
2018-01-31,1.754,,
2018-02-01,1.758,,
2018-02-04,1.737,,
2018-02-05,1.649,,
2018-02-06,1.627,,
2018-02-07,1.628,,
2018-02-08,1.595,,
2018-02-11,1.612,,
2018-02-12,1.641,,
2018-02-13,1.68,,
2018-02-21,1.728,,
2018-02-22,1.758,,
2018-02-25,1.779,,
2018-02-26,1.751,,
2018-02-27,1.738,,
2018-02-28,1.751,,
2018-03-01,1.718,,
2018-03-04,1.68,,
2018-03-05,1.721,,
2018-03-06,1.705,,
2018-03-07,1.723,,
2018-03-08,1.753,,
2018-03-11,1.778,,
2018-03-12,1.762,,
2018-03-13,1.767,,
2018-03-14,1.779,,
2018-03-15,1.784,,
2018-03-18,1.777,,
2018-03-19,1.787,,
2018-03-20,1.764,,
2018-03-21,1.714,,
2018-03-22,1.666,,
2018-03-25,1.687,,
2018-03-26,1.683,,
2018-03-27,1.627,,
2018-03-28,1.647,,
2018-04-01,1.634,,
2018-04-02,1.634,,
2018-04-03,1.604,,
2018-04-08,1.638,,
2018-04-09,1.676,,
2018-04-10,1.666,,
2018-04-11,1.642,,
2018-04-12,1.63,,
2018-04-15,1.614,,
2018-04-16,1.593,,
2018-04-17,1.593,,
2018-04-18,1.618,,
2018-04-19,1.595,,
2018-04-22,1.588,,
2018-04-23,1.61,,
2018-04-24,1.59,,
2018-04-25,1.579,,
2018-04-26,1.592,,
2018-05-01,1.619,,
2018-05-02,1.616,,
2018-05-03,1.607,,
2018-05-06,1.627,,
2018-05-07,1.649,,
2018-05-08,1.652,,
2018-05-09,1.667,,
2018-05-10,1.666,,
2018-05-13,1.688,,
2018-05-14,1.684,,
2018-05-15,1.693,,
2018-05-16,1.685,,
2018-05-17,1.688,,
2018-05-20,1.7,,
2018-05-22,1.634,,
2018-05-23,1.645,,
2018-05-24,1.648,,
2018-05-28,1.66,,
2018-05-29,1.662,,
2018-05-30,1.669,,
2018-05-31,1.68,,
2018-06-03,1.695,,
2018-06-04,1.708,,
2018-06-05,1.716,,
2018-06-06,1.703,,
2018-06-07,1.715,,
2018-06-10,1.715,,
2018-06-11,1.727,,
2018-06-12,1.711,,
2018-06-13,1.707,,
2018-06-14,1.702,,
2018-06-18,1.673,,
2018-06-19,1.695,,
2018-06-20,1.681,,
2018-06-21,1.687,,
2018-06-24,1.638,,
2018-06-25,1.637,,
2018-06-26,1.603,,
2018-06-27,1.617,,
2018-06-28,1.647,,
2018-06-29,1.647,,
2018-07-01,1.634,,
2018-07-02,1.634,,
2018-07-04,1.59,,
2018-07-05,1.614,,
2018-07-08,1.624,,
2018-07-09,1.612,,
2018-07-10,1.596,,
2018-07-11,1.63,,
2018-07-12,1.632,,
2018-07-15,1.621,,
2018-07-16,1.617,,
2018-07-17,1.628,,
2018-07-18,1.611,,
2018-07-19,1.621,,
2018-07-22,1.612,,
2018-07-23,1.641,,
2018-07-24,1.653,,
2018-07-25,1.617,,
2018-07-26,1.621,,
2018-07-29,1.605,,
2018-07-30,1.59,,
2018-07-31,1.581,,
2018-08-01,1.544,,
2018-08-02,1.543,,
2018-08-05,1.538,,
2018-08-06,1.561,,
2018-08-07,1.556,,
2018-08-08,1.571,,
2018-08-09,1.573,,
2018-08-12,1.564,,
2018-08-13,1.542,,
2018-08-14,1.511,,
2018-08-15,1.511,,
2018-08-16,1.493,,
2018-08-19,1.517,,
2018-08-20,1.528,,
2018-08-21,1.542,,
2018-08-22,1.54,,
2018-08-23,1.547,,
2018-08-26,1.567,,
2018-08-27,1.558,,
2018-08-28,1.568,,
2018-08-29,1.558,,
2018-08-30,1.556,,
2018-09-02,1.558,,
2018-09-03,1.558,,
2018-09-04,1.533,,
2018-09-05,1.508,,
2018-09-06,1.517,,
2018-09-09,1.506,,
2018-09-10,1.495,,
2018-09-11,1.491,,
2018-09-12,1.505,,
2018-09-13,1.513,,
2018-09-16,1.501,,
2018-09-17,1.519,,
2018-09-18,1.531,,
2018-09-19,1.545,,
2018-09-20,1.558,,
2018-09-25,1.562,,
2018-09-26,1.563,,
2018-09-27,1.566,,
2018-10-07,1.505,,
2018-10-08,1.504,,
2018-10-09,1.46,,
2018-10-10,1.449,,
2018-10-11,1.471,,
2018-10-14,1.465,,
2018-10-15,1.477,,
2018-10-17,1.461,,
2018-10-18,1.448,,
2018-10-21,1.482,,
2018-10-22,1.448,,
2018-10-23,1.413,,
2018-10-24,1.426,,
2018-10-25,1.402,,
2018-10-28,1.368,,
2018-10-29,1.375,,
2018-10-30,1.416,,
2018-10-31,1.446,,
2018-11-01,1.475,,
2018-11-04,1.449,,
2018-11-05,1.457,,
2018-11-06,1.468,,
2018-11-07,1.476,,
2018-11-08,1.439,,
2018-11-11,1.443,,
2018-11-12,1.45,,
2018-11-13,1.428,,
2018-11-14,1.449,,
2018-11-15,1.455,,
2018-11-18,1.453,,
2018-11-19,1.424,,
2018-11-20,1.432,,
2018-11-22,1.419,,
2018-11-25,1.435,,
2018-11-26,1.432,,
2018-11-27,1.467,,
2018-11-28,1.453,,
2018-11-29,1.467,,
2018-12-02,1.5,,
2018-12-03,1.471,,
2018-12-05,1.411,,
2018-12-06,1.399,,
2018-12-09,1.394,,
2018-12-10,1.4,,
2018-12-11,1.418,,
2018-12-12,1.43,,
2018-12-13,1.404,,
2018-12-16,1.394,,
2018-12-17,1.377,,
2018-12-18,1.362,,
2018-12-19,1.341,,
2018-12-20,1.332,,
2018-12-23,1.327,,
2018-12-26,1.322,,
2018-12-27,1.319,,
2018-12-30,1.334,,
2019-01-01,1.304,,
2019-01-02,1.296,,
2019-01-03,1.32,,
2019-01-06,1.326,,
2019-01-07,1.332,,
2019-01-08,1.345,,
2019-01-09,1.336,,
2019-01-10,1.326,,
2019-01-13,1.303,,
2019-01-14,1.325,,
2019-01-15,1.335,,
2019-01-16,1.335,,
2019-01-17,1.351,,
2019-01-21,1.354,,
2019-01-22,1.36,,
2019-01-23,1.368,,
2019-01-24,1.378,,
2019-01-27,1.356,,
2019-01-28,1.351,,
2019-01-29,1.361,,
2019-01-30,1.353,,
2019-01-31,1.367,,
2019-02-10,1.402,,
2019-02-11,1.42,,
2019-02-12,1.426,,
2019-02-13,1.433,,
2019-02-14,1.423,,
2019-02-18,1.435,,
2019-02-19,1.438,,
2019-02-20,1.428,,
2019-02-21,1.458,,
2019-02-24,1.465,,
2019-02-25,1.459,,
2019-02-26,1.44,,
2019-02-27,1.44,,
2019-02-28,1.471,,
2019-03-03,1.47,,
2019-03-04,1.475,,
2019-03-05,1.475,,
2019-03-06,1.435,,
2019-03-07,1.422,,
2019-03-10,1.45,,
2019-03-11,1.456,,
2019-03-12,1.435,,
2019-03-13,1.412,,
2019-03-14,1.426,,
2019-03-17,1.444,,
2019-03-18,1.444,,
2019-03-19,1.434,,
2019-03-20,1.433,,
2019-03-21,1.424,,
2019-03-24,1.423,,
2019-03-25,1.419,,
2019-03-26,1.427,,
2019-03-27,1.431,,
2019-03-28,1.443,,
2019-03-31,1.457,,
2019-04-01,1.469,,
2019-04-02,1.483,,
2019-04-03,1.472,,
2019-04-07,1.481,,
2019-04-08,1.483,,
2019-04-09,1.491,,
2019-04-10,1.471,,
2019-04-11,1.481,,
2019-04-14,1.455,,
2019-04-15,1.463,,
2019-04-16,1.471,,
2019-04-17,1.478,,
2019-04-18,1.481,,
2019-04-21,1.486,,
2019-04-22,1.495,,
2019-04-23,1.487,,
2019-04-24,1.448,,
2019-04-25,1.447,,
2019-04-28,1.442,,
2019-04-29,1.448,,
2019-05-05,1.435,,
2019-05-06,1.433,,
2019-05-07,1.434,,
2019-05-08,1.426,,
2019-05-09,1.448,,
2019-05-12,1.416,,
2019-05-13,1.437,,
2019-05-14,1.455,,
2019-05-15,1.451,,
2019-05-16,1.432,,
2019-05-19,1.404,,
2019-05-20,1.425,,
2019-05-21,1.431,,
2019-05-22,1.399,,
2019-05-23,1.394,,
2019-05-26,1.396,,
2019-05-27,1.412,,
2019-05-28,1.405,,
2019-05-29,1.405,,
2019-05-30,1.399,,
2019-06-02,1.401,,
2019-06-03,1.412,,
2019-06-04,1.418,,
2019-06-05,1.423,,
2019-06-09,1.463,,
2019-06-10,1.467,,
2019-06-11,1.45,,
2019-06-12,1.453,,
2019-06-13,1.43,,
2019-06-16,1.418,,
2019-06-17,1.435,,
2019-06-18,1.444,,
2019-06-19,1.44,,
2019-06-20,1.437,,
2019-06-23,1.432,,
2019-06-24,1.416,,
2019-06-25,1.43,,
2019-06-26,1.442,,
2019-06-27,1.437,,
2019-06-29,1.437,,
2019-06-30,1.448,,
2019-07-01,1.449,,
2019-07-02,1.451,,
2019-07-03,1.452,,
2019-07-04,1.449,,
2019-07-07,1.44,,
2019-07-08,1.443,,
2019-07-09,1.446,,
2019-07-10,1.433,,
2019-07-11,1.443,,
2019-07-14,1.449,,
2019-07-15,1.442,,
2019-07-16,1.444,,
2019-07-17,1.441,,
2019-07-18,1.442,,
2019-07-21,1.425,,
2019-07-22,1.435,,
2019-07-23,1.441,,
2019-07-24,1.429,,
2019-07-25,1.428,,
2019-07-28,1.418,,
2019-07-29,1.41,,
2019-07-30,1.403,,
2019-07-31,1.406,,
2019-08-01,1.408,,
2019-08-04,1.394,,
2019-08-05,1.401,,
2019-08-06,1.416,,
2019-08-07,1.449,,
2019-08-08,1.438,,
2019-08-11,1.438,,
2019-08-12,1.432,,
2019-08-13,1.401,,
2019-08-14,1.408,,
2019-08-15,1.44,,
2019-08-18,1.458,,
2019-08-19,1.458,,
2019-08-20,1.48,,
2019-08-21,1.466,,
2019-08-22,1.446,,
2019-08-25,1.464,,
2019-08-26,1.468,,
2019-08-27,1.475,,
2019-08-28,1.485,,
2019-08-29,1.487,,
2019-09-01,1.495,,
2019-09-02,1.475,,
2019-09-03,1.498,,
2019-09-04,1.511,,
2019-09-05,1.511,,
2019-09-08,1.495,,
2019-09-09,1.486,,
2019-09-10,1.488,,
2019-09-11,1.489,,
2019-09-15,1.492,,
2019-09-16,1.491,,
2019-09-17,1.495,,
2019-09-18,1.497,,
2019-09-19,1.491,,
2019-09-22,1.483,,
2019-09-23,1.46,,
2019-09-24,1.463,,
2019-09-25,1.458,,
2019-09-26,1.423,,
2019-09-29,1.432,,
2019-10-07,1.412,,
2019-10-08,1.416,,
2019-10-09,1.422,,
2019-10-10,1.433,,
2019-10-13,1.437,,
2019-10-14,1.442,,
2019-10-15,1.436,,
2019-10-16,1.444,,
2019-10-17,1.431,,
2019-10-20,1.446,,
2019-10-21,1.422,,
2019-10-22,1.423,,
2019-10-23,1.437,,
2019-10-24,1.451,,
2019-10-27,1.467,,
2019-10-28,1.449,,
2019-10-29,1.455,,
2019-10-30,1.452,,
2019-10-31,1.462,,
2019-11-03,1.482,,
2019-11-04,1.484,,
2019-11-05,1.485,,
2019-11-06,1.493,,
2019-11-07,1.48,,
2019-11-10,1.461,,
2019-11-11,1.488,,
2019-11-12,1.479,,
2019-11-13,1.485,,
2019-11-14,1.497,,
2019-11-17,1.502,,
2019-11-18,1.512,,
2019-11-19,1.508,,
2019-11-20,1.491,,
2019-11-21,1.506,,
2019-11-24,1.523,,
2019-11-25,1.534,,
2019-11-26,1.539,,
2019-11-27,1.54,,
2019-11-28,1.526,,
2019-12-01,1.529,,
2019-12-02,1.526,,
2019-12-03,1.532,,
2019-12-04,1.564,,
2019-12-05,1.57,,
2019-12-08,1.567,,
2019-12-09,1.562,,
2019-12-10,1.58,,
2019-12-11,1.6,,
2019-12-12,1.609,,
2019-12-15,1.622,,
2019-12-16,1.638,,
2019-12-17,1.639,,
2019-12-18,1.634,,
2019-12-19,1.64,,
2019-12-22,1.645,,
2019-12-23,1.658,,
2019-12-24,1.657,,
2019-12-25,1.654,,
2019-12-26,1.66,,
2019-12-29,1.656,,
2019-12-30,1.668,,
2020-01-01,1.698,,
2020-01-02,1.69,,
2020-01-05,1.683,,
2020-01-06,1.702,,
2020-01-07,1.689,,
2020-01-08,1.718,,
2020-01-09,1.717,,
2020-01-12,1.737,,
2020-01-13,1.72,,
2020-01-14,1.714,,
2020-01-15,1.729,,
2020-01-16,1.759,,
2020-01-19,1.748,,
2020-01-20,1.709,,
2020-01-21,1.742,,
2020-01-22,1.706,,
2020-02-02,1.628,,
2020-02-03,1.7,,
2020-02-04,1.714,,
2020-02-05,1.751,,
2020-02-06,1.747,,
2020-02-09,1.763,,
2020-02-10,1.802,,
2020-02-11,1.846,,
2020-02-12,1.855,,
2020-02-13,1.861,,
2020-02-16,1.87,,
2020-02-17,1.874,,
2020-02-18,1.912,,
2020-02-19,1.925,,
2020-02-20,1.897,,
2020-02-23,1.835,,
2020-02-24,1.821,,
2020-02-25,1.796,,
2020-02-26,1.777,,
2020-02-27,1.742,,
2020-03-01,1.764,,
2020-03-02,1.753,,
2020-03-03,1.791,,
2020-03-04,1.788,,
2020-03-05,1.741,,
2020-03-08,1.596,,
2020-03-09,1.662,,
2020-03-10,1.646,,
2020-03-11,1.512,,
2020-03-12,1.576,,
2020-03-15,1.434,,
2020-03-16,1.476,,
2020-03-17,1.377,,
2020-03-18,1.386,,
2020-03-19,1.439,,
2020-03-22,1.418,,
2020-03-23,1.55,,
2020-03-24,1.586,,
2020-03-25,1.6,,
2020-03-26,1.56,,
2020-03-29,1.566,,
2020-03-30,1.59,,
2020-03-31,1.525,,
2020-04-01,1.577,,
2020-04-02,1.552,,
2020-04-06,1.656,,
2020-04-07,1.651,,
2020-04-08,1.665,,
2020-04-09,1.66,,
2020-04-12,1.674,,
2020-04-13,1.747,,
2020-04-14,1.703,,
2020-04-15,1.738,,
2020-04-16,1.762,,
2020-04-19,1.77,,
2020-04-20,1.701,,
2020-04-21,1.761,,
2020-04-22,1.761,,
2020-04-23,1.754,,
2020-04-26,1.775,,
2020-04-27,1.776,,
2020-04-28,1.802,,
2020-04-29,1.788,,
2020-05-05,1.79,,
2020-05-06,1.825,,
2020-05-07,1.872,,
2020-05-10,1.891,,
2020-05-11,1.88,,
2020-05-12,1.846,,
2020-05-13,1.873,,
2020-05-14,1.879,,
2020-05-17,1.916,,
2020-05-18,1.93,,
2020-05-19,1.948,,
2020-05-20,1.912,,
2020-05-21,1.847,,
2020-05-24,1.875,,
2020-05-25,1.897,,
2020-05-26,1.877,,
2020-05-27,1.856,,
2020-05-28,1.91,,
2020-05-31,1.958,,
2020-06-01,1.965,,
2020-06-02,1.979,,
2020-06-03,1.961,,
2020-06-04,1.981,,
2020-06-07,1.97,,
2020-06-08,1.98,,
2020-06-09,2.012,,
2020-06-10,1.908,,
2020-06-11,1.951,,
2020-06-14,1.935,,
2020-06-15,1.987,,
2020-06-16,2.026,,
2020-06-17,2.045,,
2020-06-18,2.083,,
2020-06-21,2.103,,
2020-06-22,2.147,,
2020-06-23,2.123,,
2020-06-28,2.158,,
2020-06-29,2.18,,
2020-06-30,2.206,,
2020-07-01,2.286,,
2020-07-02,2.325,,
2020-07-05,2.41,,
2020-07-06,2.351,,
2020-07-07,2.432,,
2020-07-08,2.466,,
2020-07-09,2.603,,
2020-07-12,2.572,,
2020-07-13,2.554,,
2020-07-14,2.614,,
2020-07-15,2.461,,
2020-07-16,2.519,,
2020-07-19,2.601,,
2020-07-20,2.647,,
2020-07-21,2.62,,
2020-07-22,2.706,,
2020-07-23,2.642,,
2020-07-26,2.716,,
2020-07-27,2.695,,
2020-07-28,2.751,,
2020-07-29,2.767,,
2020-07-30,2.776,,
2020-08-02,2.826,,
2020-08-03,2.889,,
2020-08-04,2.933,,
2020-08-05,2.897,,
2020-08-06,2.847,,
2020-08-09,2.809,,
2020-08-10,2.783,,
2020-08-11,2.763,,
2020-08-12,2.787,,
2020-08-13,2.781,,
2020-08-16,2.83,,
2020-08-17,2.855,,
2020-08-18,2.808,,
2020-08-19,2.802,,
2020-08-20,2.812,,
2020-08-23,2.841,,
2020-08-24,2.858,,
2020-08-25,2.82,,
2020-08-26,2.807,,
2020-08-27,2.821,,
2020-08-30,2.777,,
2020-08-31,2.833,,
2020-09-01,2.89,,
2020-09-02,2.778,,
2020-09-03,2.731,,
2020-09-06,2.694,,
2020-09-07,2.616,,
2020-09-08,2.621,,
2020-09-09,2.573,,
2020-09-10,2.636,,
2020-09-13,2.717,,
2020-09-14,2.736,,
2020-09-15,2.718,,
2020-09-16,2.682,,
2020-09-17,2.714,,
2020-09-20,2.655,,
2020-09-21,2.66,,
2020-09-22,2.665,,
2020-09-23,2.638,,
2020-09-24,2.629,,
2020-09-27,2.68,,
2020-09-28,2.714,,
2020-09-29,2.764,,
2020-10-08,2.967,,
2020-10-11,3.009,,
2020-10-12,3.035,,
2020-10-13,3.031,,
2020-10-14,2.957,,
2020-10-15,2.945,,
2020-10-18,2.856,,
2020-10-19,2.918,,
2020-10-20,2.873,,
2020-10-21,2.832,,
2020-10-22,2.83,,
2020-10-25,2.799,,
2020-10-26,2.814,,
2020-10-27,2.816,,
2020-10-28,2.906,,
2020-10-29,2.792,,
2020-11-01,2.841,,
2020-11-02,2.851,,
2020-11-03,2.914,,
2020-11-04,3.063,,
2020-11-05,3.041,,
2020-11-08,3.039,,
2020-11-09,2.892,,
2020-11-10,2.843,,
2020-11-11,2.915,,
2020-11-12,2.954,,
2020-11-15,2.985,,
2020-11-16,2.939,,
2020-11-17,2.95,,
2020-11-18,2.931,,
2020-11-19,2.957,,
2020-11-22,3.005,,
2020-11-23,3.014,,
2020-11-24,2.979,,
2020-11-25,3.005,,
2020-11-26,3.041,,
2020-11-29,3.028,,
2020-11-30,3.032,,
2020-12-01,2.974,,
2020-12-02,2.968,,
2020-12-03,3.002,,
2020-12-06,3.003,,
2020-12-07,3.026,,
2020-12-08,2.96,,
2020-12-09,2.972,,
2020-12-10,2.979,,
2020-12-13,3.017,,
2020-12-14,3.049,,
2020-12-15,3.052,,
2020-12-16,3.116,,
2020-12-17,3.139,,
2020-12-20,3.174,,
2020-12-21,3.146,,
2020-12-22,3.225,,
2020-12-23,3.206,,
2020-12-24,3.205,,
2020-12-27,3.169,,
2020-12-28,3.207,,
2020-12-29,3.3,,
2020-12-30,3.328,,
2021-01-03,3.417,,
2021-01-04,3.453,,
2021-01-05,3.431,,
2021-01-06,3.472,,
2021-01-07,3.521,,
2021-01-10,3.492,,
2021-01-11,3.533,,
2021-01-12,3.54,,
2021-01-13,3.588,,
2021-01-14,3.567,,
2021-01-17,3.671,,
2021-01-18,3.786,,
2021-01-19,3.877,,
2021-01-20,3.909,,
2021-01-21,3.94,,
2021-01-24,3.993,,
2021-01-25,3.897,,
2021-01-26,3.805,,
2021-01-27,3.733,,
2021-01-28,3.71,,
2021-01-31,3.791,,
2021-02-01,3.89,,
2021-02-02,3.909,,
2021-02-03,3.886,,
2021-02-04,3.882,,
2021-02-07,3.903,,
2021-02-08,3.953,,
2021-02-09,3.994,,
2021-02-17,3.972,,
2021-02-18,4.0,,
2021-02-21,3.83,,
2021-02-22,3.82,,
2021-02-23,3.729,,
2021-02-24,3.711,,
2021-02-25,3.601,,
2021-02-28,3.742,,
2021-03-01,3.651,,
2021-03-02,3.635,,
2021-03-03,3.419,,
2021-03-04,3.408,,
2021-03-07,3.182,,
2021-03-08,3.31,,
2021-03-09,3.302,,
2021-03-10,3.477,,
2021-03-11,3.401,,
2021-03-14,3.395,,
2021-03-15,3.456,,
2021-03-16,3.453,,
2021-03-17,3.395,,
2021-03-18,3.353,,
2021-03-21,3.354,,
2021-03-22,3.237,,
2021-03-23,3.124,,
2021-03-24,3.136,,
2021-03-25,3.244,,
2021-03-28,3.194,,
2021-03-29,3.27,,
2021-03-30,3.32,,
2021-03-31,3.436,,
2021-04-01,3.439,,
2021-04-05,3.446,,
2021-04-06,3.401,,
2021-04-07,3.411,,
2021-04-08,3.382,,
2021-04-11,3.335,,
2021-04-12,3.316,,
2021-04-13,3.332,,
2021-04-14,3.34,,
2021-04-15,3.364,,
2021-04-18,3.36,,
2021-04-19,3.314,,
2021-04-20,3.346,,
2021-04-21,3.372,,
2021-04-22,3.438,,
2021-04-25,3.477,,
2021-04-26,3.463,,
2021-04-27,3.466,,
2021-04-28,3.409,,
2021-04-29,3.364,,
2021-05-05,3.312,,
2021-05-06,3.288,,
2021-05-09,3.221,,
2021-05-10,3.202,,
2021-05-11,3.182,,
2021-05-12,3.144,,
2021-05-13,3.185,,
2021-05-16,3.191,,
2021-05-17,3.23,,
2021-05-18,3.242,,
2021-05-19,3.281,,
2021-05-20,3.284,,
2021-05-23,3.305,,
2021-05-24,3.315,,
2021-05-25,3.308,,
2021-05-26,3.326,,
2021-05-27,3.303,,
2021-05-30,3.313,,
2021-05-31,3.363,,
2021-06-01,3.369,,
2021-06-02,3.317,,
2021-06-03,3.341,,
2021-06-06,3.316,,
2021-06-07,3.316,,
2021-06-08,3.314,,
2021-06-09,3.349,,
2021-06-10,3.352,,
2021-06-14,3.342,,
2021-06-15,3.286,,
2021-06-16,3.323,,
2021-06-17,3.318,,
2021-06-20,3.321,,
2021-06-21,3.318,,
2021-06-22,3.378,,
2021-06-23,3.448,,
2021-06-24,3.467,,
2021-06-27,3.527,,
2021-06-28,3.537,,
2021-06-29,3.495,,
2021-06-30,3.467,,
2021-07-01,3.426,,
2021-07-04,3.419,,
2021-07-05,3.38,,
2021-07-06,3.341,,
2021-07-07,3.269,,
2021-07-08,3.304,,
2021-07-11,3.319,,
2021-07-12,3.32,,
2021-07-13,3.284,,
2021-07-14,3.253,,
2021-07-15,3.247,,
2021-07-18,3.251,,
2021-07-19,3.273,,
2021-07-20,3.339,,
2021-07-21,3.354,,
2021-07-22,3.317,,
2021-07-25,3.185,,
2021-07-26,3.015,,
2021-07-27,3.11,,
2021-07-28,3.183,,
2021-07-29,3.149,,
2021-08-01,3.214,,
2021-08-02,3.184,,
2021-08-03,3.244,,
2021-08-04,3.252,,
2021-08-05,3.197,,
2021-08-08,3.269,,
2021-08-09,3.288,,
2021-08-10,3.262,,
2021-08-11,3.236,,
2021-08-12,3.224,,
2021-08-15,3.137,,
2021-08-16,3.101,,
2021-08-17,3.143,,
2021-08-18,3.085,,
2021-08-19,3.094,,
2021-08-22,3.183,,
2021-08-23,3.263,,
2021-08-24,3.277,,
2021-08-25,3.237,,
2021-08-26,3.26,,
2021-08-29,3.282,,
2021-08-30,3.33,,
2021-08-31,3.381,,
2021-09-01,3.375,,
2021-09-02,3.378,,
2021-09-05,3.382,,
2021-09-06,3.437,,
2021-09-07,3.384,,
2021-09-08,3.34,,
2021-09-09,3.369,,
2021-09-12,3.294,,
2021-09-13,3.297,,
2021-09-14,3.291,,
2021-09-15,3.264,,
2021-09-16,3.299,,
2021-09-21,3.258,,
2021-09-22,3.306,,
2021-09-23,3.233,,
2021-09-26,3.23,,
2021-09-27,3.181,,
2021-09-28,3.133,,
2021-09-29,3.153,,
2021-10-07,3.071,,
2021-10-10,3.085,,
2021-10-11,3.077,,
2021-10-12,3.131,,
2021-10-13,3.131,,
2021-10-14,3.177,,
2021-10-17,3.206,,
2021-10-18,3.238,,
2021-10-19,3.236,,
2021-10-20,3.265,,
2021-10-21,3.269,,
2021-10-24,3.314,,
2021-10-25,3.301,,
2021-10-26,3.26,,
2021-10-27,3.317,,
2021-10-28,3.316,,
2021-10-31,3.346,,
2021-11-01,3.309,,
2021-11-02,3.32,,
2021-11-03,3.406,,
2021-11-04,3.34,,
2021-11-07,3.328,,
2021-11-08,3.433,,
2021-11-09,3.384,,
2021-11-10,3.463,,
2021-11-11,3.511,,
2021-11-14,3.498,,
2021-11-15,3.566,,
2021-11-16,3.571,,
2021-11-17,3.563,,
2021-11-18,3.596,,
2021-11-21,3.507,,
2021-11-22,3.448,,
2021-11-23,3.491,,
2021-11-24,3.493,,
2021-11-25,3.425,,
2021-11-28,3.477,,
2021-11-29,3.433,,
2021-11-30,3.305,,
2021-12-01,3.307,,
2021-12-02,3.216,,
2021-12-05,3.149,,
2021-12-06,3.268,,
2021-12-07,3.301,,
2021-12-08,3.213,,
2021-12-09,3.185,,
2021-12-12,3.133,,
2021-12-13,3.098,,
2021-12-14,3.113,,
2021-12-15,3.03,,
2021-12-16,3.04,,
2021-12-19,2.978,,
2021-12-20,3.057,,
2021-12-21,3.089,,
2021-12-22,3.117,,
2021-12-23,3.113,,
2021-12-26,3.145,,
2021-12-27,3.03,,
2021-12-28,3.002,,
2021-12-29,3.013,,
2021-12-30,3.033,,
2022-01-03,2.999,,
2022-01-04,2.839,,
2022-01-05,2.848,,
2022-01-06,2.804,,
2022-01-09,2.822,,
2022-01-10,2.869,,
2022-01-11,2.94,,
2022-01-12,2.841,,
2022-01-13,2.855,,
2022-01-16,2.837,,
2022-01-17,2.774,,
2022-01-18,2.742,,
2022-01-19,2.779,,
2022-01-20,2.718,,
2022-01-23,2.699,,
2022-01-24,2.625,,
2022-01-25,2.606,,
2022-01-26,2.491,,
2022-01-27,2.52,,
2022-02-06,2.65,,
2022-02-07,2.654,,
2022-02-08,2.754,,
2022-02-09,2.722,,
2022-02-10,2.643,,
2022-02-13,2.621,,
2022-02-14,2.698,,
2022-02-15,2.668,,
2022-02-16,2.604,,
2022-02-17,2.523,,
2022-02-20,2.497,,
2022-02-21,2.445,,
2022-02-22,2.395,,
2022-02-23,2.428,,
2022-02-24,2.459,,
2022-02-27,2.489,,
2022-02-28,2.45,,
2022-03-01,2.474,,
2022-03-02,2.394,,
2022-03-03,2.318,,
2022-03-06,2.216,,
2022-03-07,2.202,,
2022-03-08,2.278,,
2022-03-09,2.239,,
2022-03-10,2.163,,
2022-03-13,2.05,,
2022-03-14,2.076,,
2022-03-15,2.28,,
2022-03-16,2.341,,
2022-03-17,2.388,,
2022-03-20,2.372,,
2022-03-21,2.441,,
2022-03-22,2.419,,
2022-03-23,2.454,,
2022-03-24,2.407,,
2022-03-27,2.452,,
2022-03-28,2.492,,
2022-03-29,2.454,,
2022-03-30,2.407,,
2022-03-31,2.409,,
2022-04-05,2.334,,
2022-04-06,2.326,,
2022-04-07,2.287,,
2022-04-10,2.234,,
2022-04-11,2.237,,
2022-04-12,2.287,,
2022-04-13,2.224,,
2022-04-14,2.236,,
2022-04-17,2.224,,
2022-04-18,2.249,,
2022-04-19,2.211,,
2022-04-20,2.167,,
2022-04-21,2.145,,
2022-04-24,2.169,,
2022-04-25,2.108,,
2022-04-26,2.105,,
2022-04-27,2.157,,
2022-04-28,2.135,,
2022-05-04,2.115,,
2022-05-05,2.105,,
2022-05-08,2.022,,
2022-05-09,2.043,,
2022-05-10,1.983,,
2022-05-11,1.978,,
2022-05-12,2.095,,
2022-05-15,2.064,,
2022-05-16,2.128,,
2022-05-17,2.041,,
2022-05-18,2.051,,
2022-05-19,2.044,,
2022-05-22,2.028,,
2022-05-23,1.958,,
2022-05-24,1.996,,
2022-05-25,2.042,,
2022-05-26,2.128,,
2022-05-29,2.124,,
2022-05-30,2.113,,
2022-05-31,2.098,,
2022-06-01,2.164,,
2022-06-05,2.122,,
2022-06-06,2.138,,
2022-06-07,2.151,,
2022-06-08,2.101,,
2022-06-09,2.051,,
2022-06-12,1.968,,
2022-06-13,1.994,,
2022-06-14,2.049,,
2022-06-15,1.952,,
2022-06-16,1.986,,
2022-06-19,1.995,,
2022-06-20,2.046,,
2022-06-21,2.035,,
2022-06-22,2.074,,
2022-06-23,2.139,,
2022-06-26,2.138,,
2022-06-27,2.097,,
2022-06-28,2.071,,
2022-06-29,2.043,,
2022-06-30,2.039,,
2022-07-03,2.046,,
2022-07-04,2.084,,
2022-07-05,2.084,,
2022-07-06,2.143,,
2022-07-07,2.152,,
2022-07-10,2.084,,
2022-07-11,2.051,,
2022-07-12,2.065,,
2022-07-13,2.066,,
2022-07-14,2.11,,
2022-07-17,2.105,,
2022-07-18,2.173,,
2022-07-19,2.23,,
2022-07-20,2.279,,
2022-07-21,2.21,,
2022-07-24,2.2,,
2022-07-25,2.134,,
2022-07-26,2.241,,
2022-07-27,2.253,,
2022-07-28,2.3,,
2022-07-31,2.299,,
2022-08-01,2.3,,
2022-08-02,2.385,,
2022-08-03,2.398,,
2022-08-04,2.377,,
2022-08-07,2.367,,
2022-08-08,2.311,,
2022-08-09,2.393,,
2022-08-10,2.368,,
2022-08-11,2.421,,
2022-08-14,2.434,,
2022-08-15,2.407,,
2022-08-16,2.366,,
2022-08-17,2.361,,
2022-08-18,2.319,,
2022-08-21,2.271,,
2022-08-22,2.309,,
2022-08-23,2.317,,
2022-08-24,2.368,,
2022-08-25,2.293,,
2022-08-28,2.273,,
2022-08-29,2.256,,
2022-08-30,2.244,,
2022-08-31,2.193,,
2022-09-01,2.177,,
2022-09-04,2.172,,
2022-09-05,2.158,,
2022-09-06,2.184,,
2022-09-07,2.205,,
2022-09-08,2.26,,
2022-09-12,2.181,,
2022-09-13,2.207,,
2022-09-14,2.185,,
2022-09-15,2.156,,
2022-09-18,2.156,,
2022-09-19,2.146,,
2022-09-20,2.116,,
2022-09-21,2.071,,
2022-09-22,2.038,,
2022-09-25,2.041,,
2022-09-26,2.074,,
2022-09-27,2.104,,
2022-09-28,2.037,,
2022-09-29,2.019,,
2022-10-09,1.973,,
2022-10-10,1.937,,
2022-10-11,1.943,,
2022-10-12,1.959,,
2022-10-13,1.897,,
2022-10-16,1.956,,
2022-10-17,1.975,,
2022-10-18,1.958,,
2022-10-19,1.956,,
2022-10-20,1.986,,
2022-10-23,1.974,,
2022-10-24,2.037,,
2022-10-25,2.013,,
2022-10-26,2.012,,
2022-10-27,2.038,,
2022-10-30,2.013,,
2022-10-31,2.021,,
2022-11-01,1.966,,
2022-11-02,1.96,,
2022-11-03,1.966,,
2022-11-06,1.965,,
2022-11-07,1.969,,
2022-11-08,1.909,,
2022-11-09,2.037,,
2022-11-10,2.1,,
2022-11-13,2.056,,
2022-11-14,2.098,,
2022-11-15,2.056,,
2022-11-16,2.053,,
2022-11-17,2.058,,
2022-11-20,2.023,,
2022-11-21,2.056,,
2022-11-22,2.07,,
2022-11-23,2.068,,
2022-11-24,2.053,,
2022-11-27,2.036,,
2022-11-28,2.049,,
2022-11-29,2.115,,
2022-11-30,2.113,,
2022-12-01,2.087,,
2022-12-04,2.062,,
2022-12-05,2.008,,
2022-12-06,2.003,,
2022-12-07,2.035,,
2022-12-08,2.027,,
2022-12-11,2.026,,
2022-12-12,2.053,,
2022-12-13,2.033,,
2022-12-14,1.971,,
2022-12-15,1.953,,
2022-12-18,1.925,,
2022-12-19,1.911,,
2022-12-20,1.934,,
2022-12-21,1.889,,
2022-12-22,1.879,,
2022-12-25,1.879,,
2022-12-26,1.829,,
2022-12-27,1.824,,
2022-12-28,1.867,,
2022-12-29,1.866,,
2022-12-30,1.866,,
2023-01-02,1.842,,
2023-01-03,1.875,,
2023-01-04,1.844,,
2023-01-05,1.864,,
2023-01-08,1.894,,
2023-01-09,1.891,,
2023-01-10,1.92,,
2023-01-11,1.947,,
2023-01-12,1.957,,
2023-01-15,1.949,,
2023-01-16,1.976,,
2023-01-17,1.963,,
2023-01-18,1.936,,
2023-01-19,2.001,,
2023-01-29,2.06,,
2023-01-30,2.091,,
2023-01-31,2.173,,
2023-02-01,2.228,,
2023-02-02,2.174,,
2023-02-05,2.154,,
2023-02-06,2.2,,
2023-02-07,2.177,,
2023-02-08,2.182,,
2023-02-09,2.138,,
2023-02-12,2.172,,
2023-02-13,2.214,,
2023-02-14,2.226,,
2023-02-15,2.179,,
2023-02-16,2.156,,
2023-02-19,2.161,,
2023-02-20,2.095,,
2023-02-21,2.111,,
2023-02-22,2.157,,
2023-02-23,2.105,,
2023-02-26,2.144,,
2023-02-27,2.146,,
2023-02-28,2.143,,
2023-03-01,2.138,,
2023-03-02,2.185,,
2023-03-05,2.163,,
2023-03-06,2.154,,
2023-03-07,2.174,,
2023-03-08,2.117,,
2023-03-09,2.083,,
2023-03-12,2.103,,
2023-03-13,2.138,,
2023-03-14,2.131,,
2023-03-15,2.206,,
2023-03-16,2.205,,
2023-03-19,2.166,,
2023-03-20,2.21,,
2023-03-21,2.182,,
2023-03-22,2.206,,
2023-03-23,2.172,,
2023-03-26,2.158,,
2023-03-27,2.154,,
2023-03-28,2.189,,
2023-03-29,2.211,,
2023-03-30,2.249,,
2023-04-02,2.231,,
2023-04-03,2.217,,
2023-04-05,2.186,,
2023-04-06,2.189,,
2023-04-09,2.191,,
2023-04-10,2.186,,
2023-04-11,2.167,,
2023-04-12,2.188,,
2023-04-13,2.177,,
2023-04-16,2.178,,
2023-04-17,2.185,,
2023-04-18,2.171,,
2023-04-19,2.146,,
2023-04-20,2.134,,
2023-04-23,2.115,,
2023-04-24,2.061,,
2023-04-25,2.105,,
2023-04-26,2.142,,
2023-04-27,2.153,,
2023-05-03,2.115,,
2023-05-04,2.153,,
2023-05-07,2.174,,
2023-05-08,2.174,,
2023-05-09,2.203,,
2023-05-10,2.208,,
2023-05-11,2.202,,
2023-05-14,2.241,,
2023-05-15,2.246,,
2023-05-16,2.296,,
2023-05-17,2.338,,
2023-05-18,2.337,,
2023-05-21,2.361,,
2023-05-22,2.336,,
2023-05-23,2.34,,
2023-05-24,2.444,,
2023-05-25,2.518,,
2023-05-28,2.509,,
2023-05-29,2.531,,
2023-05-30,2.496,,
2023-05-31,2.539,,
2023-06-01,2.555,,
2023-06-04,2.563,,
2023-06-05,2.582,,
2023-06-06,2.527,,
2023-06-07,2.566,,
2023-06-08,2.576,,
2023-06-11,2.625,,
2023-06-12,2.663,,
2023-06-13,2.691,,
2023-06-14,2.715,,
2023-06-15,2.692,,
2023-06-18,2.687,,
2023-06-19,2.7,,
2023-06-20,2.644,,
2023-06-25,2.601,,
2023-06-26,2.658,,
2023-06-27,2.666,,
2023-06-28,2.661,,
2023-06-29,2.703,,
2023-07-02,2.728,,
2023-07-03,2.724,,
2023-07-04,2.725,,
2023-07-05,2.695,,
2023-07-06,2.689,,
2023-07-09,2.69,,
2023-07-10,2.704,,
2023-07-11,2.726,,
2023-07-12,2.806,,
2023-07-13,2.788,,
2023-07-16,2.825,,
2023-07-17,2.842,,
2023-07-18,2.838,,
2023-07-19,2.734,,
2023-07-20,2.73,,
2023-07-23,2.737,,
2023-07-24,2.779,,
2023-07-25,2.761,,
2023-07-26,2.761,,
2023-07-27,2.836,,
2023-07-30,2.868,,
2023-07-31,2.861,,
2023-08-01,2.745,,
2023-08-02,2.771,,
2023-08-03,2.769,,
2023-08-06,2.777,,
2023-08-07,2.726,,
2023-08-08,2.684,,
2023-08-09,2.692,,
2023-08-10,2.649,,
2023-08-13,2.686,,
2023-08-14,2.66,,
2023-08-15,2.631,,
2023-08-16,2.612,,
2023-08-17,2.581,,
2023-08-20,2.65,,
2023-08-21,2.643,,
2023-08-22,2.687,,
2023-08-23,2.632,,
2023-08-24,2.646,,
2023-08-27,2.663,,
2023-08-28,2.76,,
2023-08-29,2.779,,
2023-08-30,2.795,,
2023-08-31,2.796,,
2023-09-03,2.805,,
2023-09-04,2.816,,
2023-09-05,2.804,,
2023-09-06,2.782,,
2023-09-07,2.785,,
2023-09-10,2.83,,
2023-09-11,2.778,,
2023-09-12,2.791,,
2023-09-13,2.804,,
2023-09-14,2.749,,
2023-09-17,2.732,,
2023-09-18,2.722,,
2023-09-19,2.67,,
2023-09-20,2.596,,
2023-09-21,2.605,,
2023-09-24,2.607,,
2023-09-25,2.569,,
2023-09-26,2.584,,
2023-09-27,2.612,,
2023-10-08,2.716,,
2023-10-09,2.744,,
2023-10-10,2.768,,
2023-10-11,2.757,,
2023-10-12,2.707,,
2023-10-15,2.733,,
2023-10-16,2.737,,
2023-10-17,2.685,,
2023-10-18,2.652,,
2023-10-19,2.599,,
2023-10-22,2.619,,
2023-10-23,2.655,,
2023-10-24,2.589,,
2023-10-25,2.546,,
2023-10-26,2.56,,
2023-10-29,2.58,,
2023-10-30,2.578,,
2023-10-31,2.631,,
2023-11-01,2.677,,
2023-11-02,2.735,,
2023-11-05,2.756,,
2023-11-06,2.785,,
2023-11-07,2.797,,
2023-11-08,2.775,,
2023-11-09,2.813,,
2023-11-12,2.821,,
2023-11-13,2.868,,
2023-11-14,2.88,,
2023-11-15,2.868,,
2023-11-16,2.872,,
2023-11-19,2.932,,
2023-11-20,2.907,,
2023-11-21,2.917,,
2023-11-22,2.918,,
2023-11-23,2.914,,
2023-11-26,2.918,,
2023-11-27,2.963,,
2023-11-28,2.964,,
2023-11-29,2.962,,
2023-11-30,2.974,,
2023-12-03,2.936,,
2023-12-04,2.947,,
2023-12-05,2.926,,
2023-12-06,2.972,,
2023-12-07,2.994,,
2023-12-10,2.989,,
2023-12-11,3.023,,
2023-12-12,3.046,,
2023-12-13,3.02,,
2023-12-14,3.035,,
2023-12-17,3.055,,
2023-12-18,3.083,,
2023-12-19,3.037,,
2023-12-20,3.082,,
2023-12-21,3.077,,
2023-12-24,3.078,,
2023-12-25,3.099,,
2023-12-26,3.127,,
2023-12-27,3.128,,
2023-12-28,3.099,,
2023-12-30,3.099,,
2024-01-01,3.037,,
2024-01-02,3.008,,
2024-01-03,3.008,,
2024-01-04,3.011,,
2024-01-07,3.074,,
2024-01-08,3.084,,
2024-01-09,3.116,,
2024-01-10,3.125,,
2024-01-11,3.11,,
2024-01-14,3.108,,
2024-01-15,3.122,,
2024-01-16,3.105,,
2024-01-17,3.128,,
2024-01-18,3.17,,
2024-01-21,3.17,,
2024-01-22,3.176,,
2024-01-23,3.205,,
2024-01-24,3.209,,
2024-01-25,3.187,,
2024-01-28,3.227,,
2024-01-29,3.199,,
2024-01-30,3.129,,
2024-01-31,3.167,,
2024-02-01,3.259,,
2024-02-04,3.254,,
2024-02-05,3.242,,
2024-02-06,3.306,,
2024-02-07,3.331,,
2024-02-18,3.38,,
2024-02-19,3.333,,
2024-02-20,3.251,,
2024-02-21,3.387,,
2024-02-22,3.379,,
2024-02-25,3.412,,
2024-02-26,3.428,,
2024-02-27,3.413,,
2024-02-28,3.468,,
2024-02-29,3.522,,
2024-03-03,3.554,,
2024-03-04,3.472,,
2024-03-05,3.525,,
2024-03-06,3.583,,
2024-03-07,3.541,,
2024-03-10,3.501,,
2024-03-11,3.58,,
2024-03-12,3.564,,
2024-03-13,3.536,,
2024-03-14,3.501,,
2024-03-17,3.523,,
2024-03-18,3.523,,
2024-03-19,3.578,,
2024-03-20,3.602,,
2024-03-21,3.607,,
2024-03-24,3.621,,
2024-03-25,3.601,,
2024-03-26,3.577,,
2024-03-27,3.569,,
2024-03-28,3.57,,
2024-03-31,3.57,,
2024-04-01,3.55,,
2024-04-02,3.564,,
2024-04-07,3.566,,
2024-04-08,3.551,,
2024-04-09,3.554,,
2024-04-10,3.59,,
2024-04-11,3.526,,
2024-04-14,3.456,,
2024-04-15,3.454,,
2024-04-16,3.409,,
2024-04-17,3.4011,,
2024-04-18,3.3187,,
2024-04-21,3.3654,,
2024-04-22,3.4281,,
2024-04-23,3.4156,,
2024-04-24,3.3739,,
2024-04-25,3.4584,,
2024-04-28,3.4377,,
2024-04-29,3.3769,,
2024-05-05,3.5166,,
2024-05-06,3.4986,,
2024-05-07,3.4947,,
2024-05-08,3.5007,,
2024-05-09,3.5093,,
2024-05-12,3.5176,,
2024-05-13,3.5388,,
2024-05-14,3.6178,,
2024-05-15,3.5969,,
2024-05-16,3.6111,,
2024-05-19,3.6496,,
2024-05-20,3.6454,,
2024-05-21,3.6269,,
2024-05-22,3.6282,,
2024-05-23,3.6685,,
2024-05-26,3.6754,,
2024-05-27,3.6843,,
2024-05-28,3.6591,,
2024-05-29,3.5747,,
2024-05-30,3.5673,,
2024-06-02,3.595,,
2024-06-03,3.5981,,
2024-06-04,3.6731,,
2024-06-05,3.673,,
2024-06-06,3.6577,,
2024-06-10,3.6895,,
2024-06-11,3.7442,,
2024-06-12,3.744,,
2024-06-13,3.7447,,
2024-06-16,3.7634,,
2024-06-17,3.7723,,
2024-06-18,3.7825,,
2024-06-19,3.7593,,
2024-06-20,3.7347,,
2024-06-23,3.6861,,
2024-06-24,3.746,,
2024-06-25,3.7472,,
2024-06-26,3.7485,,
2024-06-27,3.7239,,
2024-06-29,3.7234,,
2024-06-30,3.7506,,
2024-07-01,3.7739,,
2024-07-02,3.8139,,
2024-07-03,3.8191,,
2024-07-04,3.8492,,
2024-07-07,3.8351,,
2024-07-08,3.8358,,
2024-07-09,3.8751,,
2024-07-10,3.8106,,
2024-07-11,3.8363,,
2024-07-14,3.8347,,
2024-07-15,3.8204,,
2024-07-16,3.6877,,
2024-07-17,3.6685,,
2024-07-18,3.6595,,
2024-07-21,3.7103,,
2024-07-22,3.7001,,
2024-07-23,3.5713,,
2024-07-24,3.524,,
2024-07-25,3.5651,,
2024-07-28,3.5537,,
2024-07-29,3.4937,,
2024-07-30,3.5978,,
2024-07-31,3.5391,,
2024-08-01,3.4526,,
2024-08-04,3.3465,,
2024-08-05,3.3888,,
2024-08-06,3.3537,,
2024-08-07,3.4615,,
2024-08-08,3.4886,,
2024-08-11,3.4966,,
2024-08-12,3.5745,,
2024-08-13,3.577,,
2024-08-14,3.6485,,
2024-08-15,3.6656,,
2024-08-18,3.704,,
2024-08-19,3.6872,,
2024-08-20,3.7118,,
2024-08-21,3.6563,,
2024-08-22,3.6989,,
2024-08-25,3.6281,,
2024-08-26,3.6281,,
2024-08-27,3.5765,,
2024-08-28,3.5764,,
2024-08-29,3.608,,
2024-09-01,3.5983,,
2024-09-02,3.4988,,
2024-09-03,3.4651,,
2024-09-04,3.4457,,
2024-09-05,3.3661,,
2024-09-08,3.3995,,
2024-09-09,3.4266,,
2024-09-10,3.4954,,
2024-09-11,3.5334,,
2024-09-12,3.5402,,
2024-09-17,3.5188,,
2024-09-18,3.6103,,
2024-09-19,3.5912,,
2024-09-22,3.593,,
2024-09-23,3.6322,,
2024-09-24,3.6252,,
2024-09-25,3.6852,,
2024-09-26,3.6788,,
2024-09-29,3.6887,,
2024-10-07,3.7696,,
2024-10-08,3.7615,,
2024-10-09,3.7776,,
2024-10-10,3.8044,,
2024-10-13,3.816,,
2024-10-14,3.7321,,
2024-10-15,3.7421,,
2024-10-16,3.7429,,
2024-10-17,3.7871,,
2024-10-20,3.7785,,
2024-10-21,3.7977,,
2024-10-22,3.7355,,
2024-10-23,3.7706,,
2024-10-24,3.7855,,
2024-10-27,3.8133,,
2024-10-28,3.8474,,
2024-10-29,3.807,,
2024-10-30,3.7033,,
2024-10-31,3.7152,,
2024-11-03,3.713,,
2024-11-04,3.7508,,
2024-11-05,3.8114,,
2024-11-06,3.9221,,
2024-11-07,3.8881,,
2024-11-10,3.9169,,
2024-11-11,3.913,,
2024-11-12,3.8988,,
2024-11-13,3.8731,,
2024-11-14,3.8039,,
2024-11-17,3.8277,,
2024-11-18,3.8813,,
2024-11-19,3.8887,,
2024-11-20,3.8572,,
2024-11-21,3.8531,,
2024-11-24,3.8446,,
2024-11-25,3.8494,,
2024-11-26,3.8408,,
2024-11-27,3.834,,
2024-11-28,3.8635,,
2024-12-01,3.9057,,
2024-12-02,3.9429,,
2024-12-03,4.0045,,
2024-12-04,3.979,,
2024-12-05,4.0113,,
2024-12-08,4.0016,,
2024-12-09,3.9801,,
2024-12-10,4.0445,,
2024-12-11,4.0337,,
2024-12-12,4.0471,,
2024-12-15,4.0856,,
2024-12-16,4.0704,,
2024-12-17,3.9491,,
2024-12-18,3.9421,,
2024-12-19,3.9696,,
2024-12-22,4.006,,
2024-12-23,4.0538,,
2024-12-24,4.0525,,
2024-12-25,4.0416,,
2024-12-26,3.9975,,
2024-12-29,3.9582,,
2024-12-30,3.929,,
2025-01-01,3.9224,,
2025-01-02,3.9734,,
2025-01-05,4.0214,,
2025-01-06,3.959,,
2025-01-07,3.9526,,
2025-01-08,3.9487,,
2025-01-09,3.9101,,
2025-01-12,3.8784,,
2025-01-13,3.8789,,
2025-01-14,3.9474,,
2025-01-15,3.9467,,
2025-01-16,3.9895,,
2025-01-19,3.9941,,
2025-01-20,4.0221,,
2025-01-21,4.0504,,
2025-01-22,4.0668,,
2025-01-23,4.0634,,
2025-01-26,3.9507,,
2025-02-04,4.0134,,
2025-02-05,4.0312,,
2025-02-06,3.9999,,
2025-02-09,4.0374,,
2025-02-10,4.0269,,
2025-02-11,4.0355,,
2025-02-12,4.0725,,
2025-02-13,4.0938,,
2025-02-16,4.0984,,
2025-02-17,4.106,,
2025-02-18,4.0919,,
2025-02-19,4.0581,,
2025-02-20,4.0089,,
2025-02-23,3.9621,,
2025-02-24,3.9049,,
2025-02-25,3.9497,,
2025-02-26,3.8542,,
2025-02-27,3.8813,,
2025-03-02,3.812,,
2025-03-03,3.7937,,
2025-03-04,3.8613,,
2025-03-05,3.7956,,
2025-03-06,3.7975,,
2025-03-09,3.6641,,
2025-03-10,3.6739,,
2025-03-11,3.7156,,
2025-03-12,3.6541,,
2025-03-13,3.7477,,
2025-03-16,3.7623,,
2025-03-17,3.7275,,
2025-03-18,3.7658,,
2025-03-19,3.7435,,
2025-03-20,3.7431,,
2025-03-23,3.8146,,
2025-03-24,3.8158,,
2025-03-25,3.7465,,
2025-03-26,3.7268,,
2025-03-27,3.6531,,
2025-03-30,3.6453,,
2025-03-31,3.6806,,
2025-04-01,3.6969,,
2025-04-02,3.5261,,
2025-04-06,3.2764,,
2025-04-07,3.2544,,
2025-04-08,3.5193,,
2025-04-09,3.4306,,
2025-04-10,3.4839,,
2025-04-13,3.5184,,
2025-04-14,3.5273,,
2025-04-15,3.4466,,
2025-04-16,3.4488,,
2025-04-17,3.4466,,
2025-04-20,3.3824,,
2025-04-21,3.4504,,
2025-04-22,3.5345,,
2025-04-23,3.6066,,
2025-04-24,3.6455,,
2025-04-27,3.6453,,
2025-04-28,3.6743,,
2025-04-29,3.6754,,
2025-05-05,3.7603,,
2025-05-06,3.7671,,
2025-05-07,3.7929,,
2025-05-08,3.7881,,
2025-05-11,3.9025,,
2025-05-12,3.9424,,
2025-05-13,3.9683,,
2025-05-14,3.9689,,
2025-05-15,3.9864,,
2025-05-18,3.9946,,
2025-05-19,3.9984,,
2025-05-20,3.961,,
2025-05-21,3.9571,,
2025-05-22,3.9303,,
2025-05-25,3.9311,,
2025-05-26,3.9979,,
2025-05-27,3.9634,,
2025-05-28,3.9671,,
2025-05-29,3.9677,,
2025-06-02,4.0286,,
2025-06-03,4.0453,,
2025-06-04,4.0205,,
2025-06-05,4.0486,,
2025-06-08,4.0602,,
2025-06-09,4.0617,,
2025-06-10,4.0703,,
2025-06-11,4.0786,,
2025-06-12,4.0435,,
2025-06-15,4.0812,,
2025-06-16,4.0474,,
2025-06-17,4.0508,,
2025-06-18,4.0345,,
2025-06-19,4.0294,,
2025-06-22,4.0557,,
2025-06-23,4.1105,,
2025-06-24,4.1126,,
2025-06-25,4.1572,,
2025-06-26,4.1848,,
2025-06-29,4.2099,,
2025-06-30,4.1572,,
2025-07-01,4.1774,,
2025-07-02,4.2154,,
2025-07-03,4.2186,,
2025-07-06,4.2057,,
2025-07-07,4.202,,
2025-07-08,4.2351,,
2025-07-09,4.2319,,
2025-07-10,4.2123,,
2025-07-13,4.2326,,
2025-07-14,4.2406,,
2025-07-15,4.2505,,
2025-07-16,4.2656,,
2025-07-17,4.2786,,
2025-07-20,4.2742,,
2025-07-21,4.2375,,
2025-07-22,4.2654,,
2025-07-23,4.2645,,
2025-07-24,4.2712,,
2025-07-27,4.2823,,
2025-07-28,4.301,,
2025-07-29,4.3008,,
2025-07-30,4.2954,,
2025-07-31,4.2034,,
2025-08-03,4.2765,,
2025-08-04,4.2493,,
2025-08-05,4.3039,,
2025-08-06,4.3245,,
2025-08-07,4.3561,,
2025-08-10,4.3373,,
2025-08-11,4.3816,,
2025-08-12,4.3708,,
2025-08-13,4.3719,,
2025-08-14,4.3723,,
2025-08-17,4.3908,,
2025-08-18,4.3071,,
2025-08-19,4.2935,,
2025-08-20,4.2819,,
2025-08-21,4.342,,
2025-08-24,4.3247,,
2025-08-25,4.3411,,
2025-08-26,4.336,,
2025-08-27,4.386,,
2025-08-28,4.341,,
2025-08-31,4.3444,,
2025-09-01,4.2902,,
2025-09-02,4.3263,,
2025-09-03,4.3347,,
2025-09-04,4.3445,,
2025-09-07,4.393,,
2025-09-08,4.4339,,
2025-09-09,4.4327,,
2025-09-10,4.4667,,
2025-09-11,4.4797,,
2025-09-14,4.5163,,
2025-09-15,4.5194,,
2025-09-16,4.5299,,
2025-09-17,4.5749,,
2025-09-18,4.6005,,
2025-09-21,4.625,,
2025-09-22,4.5776,,
2025-09-23,4.5626,,
2025-09-24,4.5429,,
2025-09-25,4.5527,,
2025-09-28,4.5924,,
2025-09-29,4.6233,,
2025-10-08,4.7393,,
2025-10-09,4.5474,,
2025-10-12,4.652,,
2025-10-13,4.5708,,
2025-10-14,4.6241,,
2025-10-15,4.6253,,
2025-10-16,4.595,,
2025-10-19,4.6335,,
2025-10-20,4.6023,,
2025-10-21,4.5522,,
2025-10-22,4.6246,,
2025-10-23,4.7494,,
2025-10-26,4.8298,,
2025-10-27,4.8232,,
2025-10-28,4.914,,
2025-10-29,4.8193,,
2025-10-30,4.8588,,
2025-11-02,4.8751,,
2025-11-03,4.7476,,
2025-11-04,4.8323,,
2025-11-05,4.7425,,
2025-11-06,4.7618,,
2025-11-09,4.8972,,
2025-11-10,4.8435,,
2025-11-11,4.8514,,
2025-11-12,4.7028,,
2025-11-13,4.6695,,
2025-11-16,4.6608,,
2025-11-17,4.5721,,
2025-11-18,4.6173,,
2025-11-19,4.4624,,
2025-11-20,4.4435,,
2025-11-23,4.5919,,
2025-11-24,4.6091,,
2025-11-25,4.6464,,
2025-11-26,4.6632,,
2025-11-27,4.7042,,
2025-11-30,4.6663,,
2025-12-01,4.6609,,
2025-12-02,4.6568,,
2025-12-03,4.7082,,
2025-12-04,4.7321,,
2025-12-07,4.7593,,
2025-12-08,4.7586,,
2025-12-09,4.7715,,
2025-12-10,4.7603,,
2025-12-11,4.629,,
2025-12-14,4.5783,,
2025-12-15,4.5559,,
2025-12-16,4.4976,,
2025-12-17,4.5593,,
2025-12-18,4.6417,,
2025-12-21,4.705,,
2025-12-22,4.7213,,
2025-12-23,4.7416,,
2025-12-24,4.7376,,
2025-12-25,4.7354,,
2025-12-28,4.6987,,
2025-12-29,4.6933,,
2025-12-30,4.6521,,
2026-01-04,4.7337,,
2026-01-05,4.8206,,
2026-01-06,4.8463,,
2026-01-07,4.8025,,
2026-01-08,4.876,,
2026-01-11,4.93,,
2026-01-12,4.9169,,
2026-01-13,4.893,,
2026-01-14,4.9363,,
2026-01-15,4.9719,,
2026-01-18,4.9606,,
2026-01-19,4.8748,,
2026-01-20,4.9606,,
2026-01-21,4.9855,,
2026-01-22,4.9598,,
2026-01-25,4.9581,,
2026-01-26,5.0512,,
2026-01-27,5.1155,,
2026-01-28,5.0843,,
2026-01-29,5.0376,,
2026-02-01,5.0261,,
2026-02-02,5.0188,,
2026-02-03,4.8743,,
2026-02-04,4.8188,,
2026-02-05,4.9177,,
2026-02-08,5.0061,,
2026-02-09,5.0064,,
2026-02-10,5.0362,,
2026-02-11,5.0382,,
2026-02-12,5.0543,,
2026-02-23,5.2389,,
2026-02-24,5.2637,,
2026-02-25,5.1786,,
2026-02-26,5.1398,,
2026-03-01,5.1437,,
2026-03-02,4.9847,,
2026-03-03,5.0185,,
2026-03-04,5.0004,,
2026-03-05,4.8967,,
2026-03-08,4.9721,,
2026-03-09,5.0595,,
2026-03-10,5.0935,,
2026-03-11,4.9799,,
2026-03-12,4.9686,,
2026-03-15,5.0686,,
2026-03-16,5.0641,,
2026-03-17,5.11,,
2026-03-18,5.0696,,
2026-03-19,4.9514,,
2026-03-22,4.9328,,
2026-03-23,4.9748,,
2026-03-24,5.0453,,
2026-03-25,4.8604,,
2026-03-26,4.8031,,
2026-03-29,4.742,,
2026-03-30,4.826,,
2026-03-31,5.0377,,
2026-04-01,4.9572,,
2026-04-02,4.9793,,
2026-04-06,5.0168,,
2026-04-07,5.2943,,
2026-04-08,5.3879,,
2026-04-09,5.4461,,
2026-04-12,5.5133,,
2026-04-13,5.6151,,
2026-04-14,5.5597,,
2026-04-15,5.613,,
2026-04-16,5.6601,,
2026-04-19,5.6865,,
2026-04-20,5.6612,,
2026-04-21,5.7988,,
2026-04-22,5.7475,,
2026-04-23,5.7816,,
2026-04-26,5.7986,,
2026-04-27,5.6694,,
2026-04-28,5.6878,,
2026-04-29,5.7895,,
2026-05-05,6.1067,,
2026-05-06,6.1222,,
2026-05-07,6.2601,,
2026-05-10,6.3643,,
2026-05-11,6.287,,
2026-05-12,6.5187,,
2026-05-13,6.4554,,
2026-05-14,6.2804,,
2026-05-17,6.2525,,
2026-05-18,6.1855,,
2026-05-19,6.3169,,
2026-05-20,6.3839,,
2026-05-21,6.5402,,
2026-05-24,6.6215,,
2026-05-25,6.758,,
2026-05-26,6.7582,,
2026-05-27,6.828,,
2026-05-28,6.8314,,
2026-05-31,6.8347,,
2026-06-01,6.9091,,
2026-06-02,6.9623,,
2026-06-03,6.8709,,
2026-06-04,6.5048,,
2026-06-07,6.544,,
2026-06-08,6.5295,,
2026-06-09,6.342,,
2026-06-10,6.6019,,
2026-06-11,6.6909,,
2026-06-14,7.0679,,
2026-06-15,6.9684,,
2026-06-16,7.0938,,
