date,accum_nav
2010-08-17,1.0
2010-08-18,1.0
2010-08-25,1.0
2010-08-26,1.0
2010-09-02,0.999
2010-09-09,0.998
2010-09-16,0.997
2010-09-20,0.999
2010-09-26,1.014
2010-09-27,1.012
2010-09-28,1.016
2010-09-29,1.025
2010-10-07,1.032
2010-10-10,1.039
2010-10-11,1.035
2010-10-12,1.043
2010-10-13,1.057
2010-10-14,1.051
2010-10-17,1.04
2010-10-18,1.037
2010-10-19,1.038
2010-10-20,1.034
2010-10-21,1.032
2010-10-24,1.045
2010-10-25,1.038
2010-10-26,1.03
2010-10-27,1.033
2010-10-28,1.032
2010-10-31,1.05
2010-11-01,1.055
2010-11-02,1.062
2010-11-03,1.068
2010-11-04,1.077
2010-11-07,1.082
2010-11-08,1.079
2010-11-09,1.072
2010-11-10,1.07
2010-11-11,1.041
2010-11-14,1.037
2010-11-15,1.02
2010-11-16,0.995
2010-11-17,1.025
2010-11-18,1.031
2010-11-21,1.034
2010-11-22,1.012
2010-11-23,1.021
2010-11-24,1.025
2010-11-25,1.011
2010-11-28,1.015
2010-11-29,1.012
2010-11-30,1.019
2010-12-01,1.036
2010-12-02,1.042
2010-12-05,1.045
2010-12-06,1.055
2010-12-07,1.041
2010-12-08,1.04
2010-12-09,1.034
2010-12-12,1.038
2010-12-13,1.048
2010-12-14,1.039
2010-12-15,1.025
2010-12-16,1.029
2010-12-19,1.022
2010-12-20,1.027
2010-12-21,1.032
2010-12-22,1.025
2010-12-23,1.018
2010-12-26,1.014
2010-12-27,1.009
2010-12-28,1.02
2010-12-29,1.026
2010-12-30,1.031
2011-01-03,1.049
2011-01-04,1.05
2011-01-05,1.049
2011-01-06,1.04
2011-01-09,1.034
2011-01-10,1.036
2011-01-11,1.05
2011-01-12,1.05
2011-01-13,1.046
2011-01-16,1.037
2011-01-17,1.043
2011-01-18,1.048
2011-01-19,1.028
2011-01-20,1.014
2011-01-23,1.02
2011-01-24,1.024
2011-01-25,1.025
2011-01-26,1.027
2011-01-27,1.018
2011-01-30,1.014
2011-01-31,1.02
2011-02-08,1.001
2011-02-09,0.99
2011-02-10,1.004
2011-02-13,1.014
2011-02-14,1.013
2011-02-15,1.016
2011-02-16,1.025
2011-02-17,1.028
2011-02-20,1.025
2011-02-21,1.006
2011-02-22,0.997
2011-02-23,0.992
2011-02-24,0.995
2011-02-27,0.998
2011-02-28,1.001
2011-03-01,0.999
2011-03-02,1.004
2011-03-03,1.009
2011-03-06,1.004
2011-03-07,1.007
2011-03-08,1.007
2011-03-09,0.99
2011-03-10,0.981
2011-03-13,0.992
2011-03-14,0.975
2011-03-15,0.978
2011-03-16,0.963
2011-03-17,0.969
2011-03-20,0.982
2011-03-21,0.99
2011-03-22,0.99
2011-03-23,1.004
2011-03-24,1.009
2011-03-27,1.009
2011-03-28,1.015
2011-03-29,1.023
2011-03-30,1.026
2011-03-31,1.03
2011-04-05,1.044
2011-04-06,1.042
2011-04-07,1.049
2011-04-10,1.047
2011-04-11,1.029
2011-04-12,1.039
2011-04-13,1.041
2011-04-14,1.039
2011-04-17,1.033
2011-04-18,1.026
2011-04-19,1.046
2011-04-20,1.058
2011-04-21,1.057
2011-04-24,1.058
2011-04-25,1.055
2011-04-26,1.041
2011-04-27,1.041
2011-04-28,1.036
2011-05-02,1.022
2011-05-03,1.005
2011-05-04,1.004
2011-05-05,1.009
2011-05-08,1.014
2011-05-09,1.014
2011-05-10,1.022
2011-05-11,1.005
2011-05-12,1.007
2011-05-15,1.0
2011-05-16,0.999
2011-05-17,1.009
2011-05-18,1.007
2011-05-19,1.003
2011-05-22,0.979
2011-05-23,0.985
2011-05-24,0.976
2011-05-25,0.991
2011-05-26,0.996
2011-05-29,0.999
2011-05-30,1.015
2011-05-31,1.016
2011-06-01,1.008
2011-06-02,1.003
2011-06-06,0.997
2011-06-07,0.988
2011-06-08,0.981
2011-06-09,0.973
2011-06-12,0.971
2011-06-13,0.982
2011-06-14,0.979
2011-06-15,0.964
2011-06-16,0.957
2011-06-19,0.947
2011-06-20,0.96
2011-06-21,0.965
2011-06-22,0.963
2011-06-23,0.97
2011-06-26,0.968
2011-06-27,0.971
2011-06-28,0.984
2011-06-29,0.996
2011-06-30,0.999
2011-07-03,1.012
2011-07-04,1.011
2011-07-05,1.008
2011-07-06,1.014
2011-07-07,1.018
2011-07-10,1.004
2011-07-11,0.983
2011-07-12,0.998
2011-07-13,1.002
2011-07-14,1.003
2011-07-17,1.0
2011-07-18,0.996
2011-07-19,0.998
2011-07-20,0.994
2011-07-21,1.005
2011-07-24,0.999
2011-07-25,1.008
2011-07-26,1.011
2011-07-27,1.009
2011-07-28,0.998
2011-07-31,1.005
2011-08-01,0.992
2011-08-02,0.979
2011-08-03,0.964
2011-08-04,0.937
2011-08-07,0.91
2011-08-08,0.907
2011-08-09,0.909
2011-08-10,0.908
2011-08-11,0.909
2011-08-14,0.926
2011-08-15,0.928
2011-08-16,0.93
2011-08-17,0.913
2011-08-18,0.89
2011-08-21,0.878
2011-08-22,0.896
2011-08-23,0.889
2011-08-24,0.892
2011-08-25,0.889
2011-08-28,0.904
2011-08-29,0.916
2011-08-30,0.932
2011-08-31,0.933
2011-09-01,0.926
2011-09-04,0.911
2011-09-05,0.908
2011-09-06,0.92
2011-09-07,0.918
2011-09-08,0.909
2011-09-12,0.887
2011-09-13,0.873
2011-09-14,0.875
2011-09-15,0.887
2011-09-18,0.868
2011-09-19,0.865
2011-09-20,0.86
2011-09-21,0.825
2011-09-22,0.818
2011-09-25,0.798
2011-09-26,0.825
2011-09-27,0.824
2011-09-28,0.824
2011-09-29,0.81
2011-10-09,0.821
2011-10-10,0.829
2011-10-11,0.837
2011-10-12,0.852
2011-10-13,0.85
2011-10-16,0.86
2011-10-17,0.841
2011-10-18,0.844
2011-10-19,0.829
2011-10-20,0.835
2011-10-23,0.855
2011-10-24,0.856
2011-10-25,0.861
2011-10-26,0.89
2011-10-27,0.894
2011-10-30,0.878
2011-10-31,0.862
2011-11-01,0.869
2011-11-02,0.86
2011-11-03,0.878
2011-11-06,0.875
2011-11-07,0.873
2011-11-08,0.87
2011-11-09,0.842
2011-11-10,0.85
2011-11-13,0.861
2011-11-14,0.859
2011-11-15,0.85
2011-11-16,0.847
2011-11-17,0.834
2011-11-20,0.819
2011-11-21,0.819
2011-11-22,0.804
2011-11-23,0.806
2011-11-24,0.796
2011-11-27,0.807
2011-11-28,0.818
2011-11-29,0.817
2011-11-30,0.842
2011-12-01,0.841
2011-12-04,0.842
2011-12-05,0.833
2011-12-06,0.837
2011-12-07,0.83
2011-12-08,0.816
2011-12-11,0.811
2011-12-12,0.804
2011-12-13,0.797
2011-12-14,0.788
2011-12-15,0.797
2011-12-18,0.785
2011-12-19,0.788
2011-12-20,0.802
2011-12-21,0.8
2011-12-22,0.811
2011-12-25,0.809
2011-12-26,0.807
2011-12-27,0.799
2011-12-28,0.799
2011-12-29,0.799
2011-12-30,0.799
2012-01-03,0.814
2012-01-04,0.814
2012-01-05,0.805
2012-01-08,0.809
2012-01-09,0.818
2012-01-10,0.821
2012-01-11,0.823
2012-01-12,0.823
2012-01-15,0.817
2012-01-16,0.834
2012-01-17,0.837
2012-01-18,0.844
2012-01-19,0.845
2012-01-29,0.845
2012-01-30,0.851
2012-01-31,0.855
2012-02-01,0.866
2012-02-02,0.868
2012-02-05,0.867
2012-02-06,0.867
2012-02-07,0.875
2012-02-08,0.881
2012-02-09,0.87
2012-02-12,0.873
2012-02-13,0.869
2012-02-14,0.877
2012-02-15,0.87
2012-02-16,0.875
2012-02-19,0.876
2012-02-20,0.877
2012-02-21,0.882
2012-02-22,0.879
2012-02-23,0.878
2012-02-26,0.871
2012-02-27,0.879
2012-02-28,0.886
2012-02-29,0.883
2012-03-01,0.892
2012-03-04,0.888
2012-03-05,0.874
2012-03-06,0.875
2012-03-07,0.885
2012-03-08,0.89
2012-03-11,0.888
2012-03-12,0.895
2012-03-13,0.896
2012-03-14,0.897
2012-03-15,0.897
2012-03-18,0.894
2012-03-19,0.886
2012-03-20,0.883
2012-03-21,0.883
2012-03-22,0.879
2012-03-25,0.875
2012-03-26,0.883
2012-03-27,0.885
2012-03-28,0.883
2012-03-29,0.887
2012-03-30,0.887
2012-04-04,0.896
2012-04-05,0.896
2012-04-08,0.893
2012-04-09,0.884
2012-04-10,0.881
2012-04-11,0.889
2012-04-12,0.891
2012-04-15,0.89
2012-04-16,0.888
2012-04-17,0.892
2012-04-18,0.896
2012-04-19,0.899
2012-04-22,0.887
2012-04-23,0.884
2012-04-24,0.885
2012-04-25,0.892
2012-04-26,0.895
2012-05-01,0.905
2012-05-02,0.901
2012-05-03,0.893
2012-05-06,0.884
2012-05-07,0.883
2012-05-08,0.877
2012-05-09,0.879
2012-05-10,0.876
2012-05-13,0.869
2012-05-14,0.87
2012-05-15,0.852
2012-05-16,0.853
2012-05-17,0.842
2012-05-20,0.845
2012-05-21,0.85
2012-05-22,0.845
2012-05-23,0.845
2012-05-24,0.846
2012-05-27,0.852
2012-05-28,0.862
2012-05-29,0.855
2012-05-30,0.852
2012-05-31,0.847
2012-06-03,0.832
2012-06-04,0.834
2012-06-05,0.841
2012-06-06,0.846
2012-06-07,0.85
2012-06-10,0.853
2012-06-11,0.856
2012-06-12,0.86
2012-06-13,0.855
2012-06-14,0.861
2012-06-17,0.864
2012-06-18,0.866
2012-06-19,0.867
2012-06-20,0.851
2012-06-24,0.847
2012-06-25,0.848
2012-06-26,0.854
2012-06-27,0.85
2012-06-28,0.861
2012-06-29,0.861
2012-07-01,0.861
2012-07-02,0.867
2012-07-03,0.871
2012-07-04,0.872
2012-07-05,0.876
2012-07-08,0.869
2012-07-09,0.869
2012-07-10,0.871
2012-07-11,0.862
2012-07-12,0.868
2012-07-15,0.867
2012-07-16,0.876
2012-07-17,0.869
2012-07-18,0.872
2012-07-19,0.874
2012-07-22,0.862
2012-07-23,0.861
2012-07-24,0.856
2012-07-25,0.862
2012-07-26,0.873
2012-07-29,0.875
2012-07-30,0.879
2012-07-31,0.883
2012-08-01,0.878
2012-08-02,0.881
2012-08-05,0.886
2012-08-06,0.883
2012-08-07,0.885
2012-08-08,0.887
2012-08-09,0.887
2012-08-12,0.883
2012-08-13,0.884
2012-08-14,0.88
2012-08-15,0.886
2012-08-16,0.887
2012-08-19,0.888
2012-08-20,0.891
2012-08-21,0.885
2012-08-22,0.888
2012-08-23,0.885
2012-08-26,0.881
2012-08-27,0.882
2012-08-28,0.886
2012-08-29,0.879
2012-08-30,0.881
2012-09-02,0.882
2012-09-03,0.877
2012-09-04,0.875
2012-09-05,0.882
2012-09-06,0.889
2012-09-09,0.888
2012-09-10,0.892
2012-09-11,0.897
2012-09-12,0.901
2012-09-13,0.911
2012-09-16,0.907
2012-09-17,0.899
2012-09-18,0.906
2012-09-19,0.9
2012-09-20,0.904
2012-09-23,0.903
2012-09-24,0.903
2012-09-25,0.892
2012-09-26,0.9
2012-09-27,0.907
2012-09-29,0.907
2012-10-07,0.914
2012-10-08,0.914
2012-10-09,0.914
2012-10-10,0.913
2012-10-11,0.911
2012-10-14,0.909
2012-10-15,0.913
2012-10-16,0.914
2012-10-17,0.914
2012-10-18,0.911
2012-10-21,0.915
2012-10-22,0.912
2012-10-23,0.912
2012-10-24,0.91
2012-10-25,0.904
2012-10-28,0.907
2012-10-29,0.908
2012-10-30,0.914
2012-10-31,0.924
2012-11-01,0.928
2012-11-04,0.929
2012-11-05,0.93
2012-11-06,0.927
2012-11-07,0.917
2012-11-08,0.912
2012-11-11,0.911
2012-11-12,0.903
2012-11-13,0.905
2012-11-14,0.901
2012-11-15,0.903
2012-11-18,0.914
2012-11-19,0.915
2012-11-20,0.917
2012-11-21,0.92
2012-11-22,0.926
2012-11-25,0.924
2012-11-26,0.918
2012-11-27,0.918
2012-11-28,0.924
2012-11-29,0.925
2012-12-02,0.921
2012-12-03,0.913
2012-12-04,0.93
2012-12-05,0.936
2012-12-06,0.938
2012-12-09,0.939
2012-12-10,0.94
2012-12-11,0.946
2012-12-12,0.939
2012-12-13,0.942
2012-12-16,0.94
2012-12-17,0.94
2012-12-18,0.942
2012-12-19,0.942
2012-12-20,0.94
2012-12-23,0.939
2012-12-24,0.939
2012-12-25,0.939
2012-12-26,0.945
2012-12-27,0.946
2012-12-30,0.951
2013-01-03,0.984
2013-01-06,0.987
2013-01-07,0.981
2013-01-08,0.991
2013-01-09,0.993
2013-01-10,0.989
2013-01-13,0.996
2013-01-14,1.001
2013-01-15,1.004
2013-01-16,1.003
2013-01-17,1.011
2013-01-20,1.018
2013-01-21,1.026
2013-01-22,1.027
2013-01-23,1.029
2013-01-24,1.022
2013-01-27,1.026
2013-01-28,1.03
2013-01-29,1.034
2013-01-30,1.029
2013-01-31,1.036
2013-02-03,1.038
2013-02-04,1.026
2013-02-05,1.031
2013-02-06,1.021
2013-02-07,1.027
2013-02-17,1.043
2013-02-18,1.032
2013-02-19,1.031
2013-02-20,1.02
2013-02-21,1.02
2013-02-24,1.014
2013-02-25,1.003
2013-02-26,1.012
2013-02-27,1.025
2013-02-28,1.032
2013-03-03,1.029
2013-03-04,1.039
2013-03-05,1.048
2013-03-06,1.054
2013-03-07,1.06
2013-03-10,1.061
2013-03-11,1.043
2013-03-12,1.038
2013-03-13,1.053
2013-03-14,1.049
2013-03-17,1.038
2013-03-18,1.043
2013-03-19,1.057
2013-03-20,1.054
2013-03-21,1.064
2013-03-24,1.063
2013-03-25,1.067
2013-03-26,1.077
2013-03-27,1.074
2013-03-28,1.073
2013-03-31,1.071
2013-04-01,1.067
2013-04-02,1.069
2013-04-07,1.055
2013-04-08,1.058
2013-04-09,1.067
2013-04-10,1.072
2013-04-11,1.077
2013-04-14,1.06
2013-04-15,1.056
2013-04-16,1.054
2013-04-17,1.051
2013-04-18,1.064
2013-04-21,1.069
2013-04-22,1.063
2013-04-23,1.074
2013-04-24,1.071
2013-04-25,1.065
2013-05-01,1.086
2013-05-02,1.09
2013-05-05,1.102
2013-05-06,1.113
2013-05-07,1.114
2013-05-08,1.114
2013-05-09,1.122
2013-05-12,1.115
2013-05-13,1.12
2013-05-14,1.132
2013-05-15,1.133
2013-05-16,1.132
2013-05-19,1.141
2013-05-20,1.129
2013-05-21,1.116
2013-05-22,1.095
2013-05-23,1.108
2013-05-26,1.13
2013-05-27,1.144
2013-05-28,1.137
2013-05-29,1.138
2013-05-30,1.136
2013-06-02,1.128
2013-06-03,1.142
2013-06-04,1.138
2013-06-05,1.133
2013-06-06,1.128
2013-06-12,1.101
2013-06-13,1.101
2013-06-16,1.113
2013-06-17,1.126
2013-06-18,1.12
2013-06-19,1.095
2013-06-20,1.095
2013-06-23,1.055
2013-06-24,1.041
2013-06-25,1.071
2013-06-26,1.071
2013-06-27,1.087
2013-06-29,1.087
2013-06-30,1.088
2013-07-01,1.089
2013-07-02,1.067
2013-07-03,1.073
2013-07-04,1.084
2013-07-07,1.084
2013-07-08,1.083
2013-07-09,1.084
2013-07-10,1.106
2013-07-11,1.111
2013-07-14,1.124
2013-07-15,1.128
2013-07-16,1.127
2013-07-17,1.131
2013-07-18,1.123
2013-07-21,1.122
2013-07-22,1.14
2013-07-23,1.149
2013-07-24,1.149
2013-07-25,1.151
2013-07-28,1.139
2013-07-29,1.146
2013-07-30,1.147
2013-07-31,1.159
2013-08-01,1.163
2013-08-04,1.167
2013-08-05,1.16
2013-08-06,1.147
2013-08-07,1.148
2013-08-08,1.158
2013-08-11,1.167
2013-08-12,1.177
2013-08-13,1.174
2013-08-14,1.155
2013-08-15,1.16
2013-08-18,1.163
2013-08-19,1.148
2013-08-20,1.144
2013-08-21,1.15
2013-08-22,1.155
2013-08-25,1.167
2013-08-26,1.162
2013-08-27,1.146
2013-08-28,1.155
2013-08-29,1.154
2013-09-01,1.156
2013-09-02,1.166
2013-09-03,1.164
2013-09-04,1.168
2013-09-05,1.168
2013-09-08,1.168
2013-09-09,1.177
2013-09-10,1.181
2013-09-11,1.172
2013-09-12,1.171
2013-09-15,1.183
2013-09-16,1.19
2013-09-17,1.191
2013-09-22,1.198
2013-09-23,1.189
2013-09-24,1.201
2013-09-25,1.202
2013-09-26,1.2
2013-09-29,1.197
2013-10-07,1.218
2013-10-08,1.222
2013-10-09,1.224
2013-10-10,1.233
2013-10-13,1.232
2013-10-14,1.235
2013-10-15,1.236
2013-10-16,1.243
2013-10-17,1.256
2013-10-20,1.263
2013-10-21,1.259
2013-10-22,1.242
2013-10-23,1.242
2013-10-24,1.228
2013-10-27,1.221
2013-10-28,1.217
2013-10-29,1.227
2013-10-30,1.225
2013-10-31,1.233
2013-11-03,1.235
2013-11-04,1.234
2013-11-05,1.223
2013-11-06,1.212
2013-11-07,1.21
2013-11-10,1.218
2013-11-11,1.217
2013-11-12,1.215
2013-11-13,1.225
2013-11-14,1.249
2013-11-17,1.264
2013-11-18,1.26
2013-11-19,1.265
2013-11-20,1.27
2013-11-21,1.279
2013-11-24,1.285
2013-11-25,1.287
2013-11-26,1.299
2013-11-27,1.301
2013-11-28,1.311
2013-12-01,1.318
2013-12-02,1.321
2013-12-03,1.327
2013-12-04,1.331
2013-12-05,1.33
2013-12-08,1.334
2013-12-09,1.339
2013-12-10,1.325
2013-12-11,1.324
2013-12-12,1.337
2013-12-15,1.33
2013-12-16,1.321
2013-12-17,1.33
2013-12-18,1.328
2013-12-19,1.319
2013-12-22,1.323
2013-12-23,1.338
2013-12-24,1.338
2013-12-25,1.338
2013-12-26,1.346
2013-12-29,1.355
2013-12-30,1.364
2014-01-01,1.369
2014-01-02,1.363
2014-01-05,1.363
2014-01-06,1.367
2014-01-07,1.384
2014-01-08,1.376
2014-01-09,1.374
2014-01-12,1.376
2014-01-13,1.382
2014-01-14,1.405
2014-01-15,1.405
2014-01-16,1.415
2014-01-19,1.409
2014-01-20,1.411
2014-01-21,1.42
2014-01-22,1.412
2014-01-23,1.383
2014-01-26,1.363
2014-01-27,1.378
2014-01-28,1.386
2014-01-29,1.389
2014-02-06,1.385
2014-02-09,1.394
2014-02-10,1.404
2014-02-11,1.419
2014-02-12,1.426
2014-02-13,1.437
2014-02-16,1.441
2014-02-17,1.446
2014-02-18,1.449
2014-02-19,1.444
2014-02-20,1.451
2014-02-23,1.446
2014-02-24,1.444
2014-02-25,1.458
2014-02-26,1.476
2014-02-27,1.481
2014-03-02,1.466
2014-03-03,1.484
2014-03-04,1.489
2014-03-05,1.491
2014-03-06,1.485
2014-03-09,1.479
2014-03-10,1.485
2014-03-11,1.47
2014-03-12,1.464
2014-03-13,1.443
2014-03-16,1.438
2014-03-17,1.461
2014-03-18,1.461
2014-03-19,1.454
2014-03-20,1.446
2014-03-23,1.445
2014-03-24,1.43
2014-03-25,1.429
2014-03-26,1.405
2014-03-27,1.41
2014-03-30,1.417
2014-03-31,1.441
2014-04-01,1.438
2014-04-02,1.427
2014-04-03,1.413
2014-04-07,1.401
2014-04-08,1.415
2014-04-09,1.423
2014-04-10,1.407
2014-04-13,1.408
2014-04-14,1.4
2014-04-15,1.403
2014-04-16,1.405
2014-04-17,1.405
2014-04-20,1.406
2014-04-21,1.412
2014-04-22,1.415
2014-04-23,1.416
2014-04-24,1.408
2014-04-27,1.393
2014-04-28,1.39
2014-04-29,1.381
2014-05-04,1.388
2014-05-05,1.385
2014-05-06,1.369
2014-05-07,1.365
2014-05-08,1.362
2014-05-11,1.376
2014-05-12,1.381
2014-05-13,1.384
2014-05-14,1.389
2014-05-15,1.385
2014-05-18,1.389
2014-05-19,1.395
2014-05-20,1.4
2014-05-21,1.413
2014-05-22,1.413
2014-05-25,1.418
2014-05-26,1.416
2014-05-27,1.417
2014-05-28,1.411
2014-05-29,1.416
2014-06-02,1.421
2014-06-03,1.415
2014-06-04,1.419
2014-06-05,1.416
2014-06-08,1.419
2014-06-09,1.427
2014-06-10,1.433
2014-06-11,1.428
2014-06-12,1.437
2014-06-15,1.437
2014-06-16,1.431
2014-06-17,1.432
2014-06-18,1.429
2014-06-19,1.431
2014-06-22,1.425
2014-06-23,1.425
2014-06-24,1.431
2014-06-25,1.44
2014-06-26,1.444
2014-06-29,1.443
2014-06-30,1.447
2014-07-01,1.457
2014-07-02,1.463
2014-07-03,1.465
2014-07-06,1.46
2014-07-07,1.45
2014-07-08,1.441
2014-07-09,1.441
2014-07-10,1.442
2014-07-13,1.446
2014-07-14,1.448
2014-07-15,1.453
2014-07-16,1.444
2014-07-17,1.448
2014-07-20,1.447
2014-07-21,1.458
2014-07-22,1.461
2014-07-23,1.466
2014-07-24,1.466
2014-07-27,1.469
2014-07-28,1.467
2014-07-29,1.467
2014-07-30,1.456
2014-07-31,1.45
2014-08-03,1.454
2014-08-04,1.452
2014-08-05,1.454
2014-08-06,1.447
2014-08-07,1.442
2014-08-10,1.455
2014-08-11,1.459
2014-08-12,1.47
2014-08-13,1.468
2014-08-14,1.471
2014-08-17,1.471
2014-08-18,1.486
2014-08-19,1.489
2014-08-20,1.491
2014-08-21,1.5
2014-08-24,1.519
2014-08-25,1.514
2014-08-26,1.506
2014-08-27,1.491
2014-08-28,1.494
2014-08-31,1.507
2014-09-01,1.52
2014-09-02,1.537
2014-09-03,1.535
2014-09-04,1.534
2014-09-08,1.535
2014-09-09,1.525
2014-09-10,1.519
2014-09-11,1.518
2014-09-14,1.502
2014-09-15,1.492
2014-09-16,1.503
2014-09-17,1.509
2014-09-18,1.52
2014-09-21,1.501
2014-09-22,1.499
2014-09-23,1.513
2014-09-24,1.51
2014-09-25,1.509
2014-09-28,1.487
2014-09-29,1.482
2014-10-07,1.502
2014-10-08,1.498
2014-10-09,1.485
2014-10-12,1.462
2014-10-13,1.454
2014-10-14,1.47
2014-10-15,1.468
2014-10-16,1.477
2014-10-19,1.495
2014-10-20,1.503
2014-10-21,1.503
2014-10-22,1.5
2014-10-23,1.51
2014-10-26,1.504
2014-10-27,1.515
2014-10-28,1.515
2014-10-29,1.513
2014-10-30,1.532
2014-11-02,1.538
2014-11-03,1.539
2014-11-04,1.523
2014-11-05,1.524
2014-11-06,1.531
2014-11-09,1.541
2014-11-10,1.542
2014-11-11,1.557
2014-11-12,1.553
2014-11-13,1.561
2014-11-16,1.55
2014-11-17,1.543
2014-11-18,1.534
2014-11-19,1.533
2014-11-20,1.533
2014-11-23,1.532
2014-11-24,1.541
2014-11-25,1.541
2014-11-26,1.536
2014-11-27,1.533
2014-11-30,1.499
2014-12-01,1.512
2014-12-02,1.502
2014-12-03,1.523
2014-12-04,1.517
2014-12-07,1.516
2014-12-08,1.47
2014-12-09,1.494
2014-12-10,1.474
2014-12-11,1.483
2014-12-14,1.475
2014-12-15,1.474
2014-12-16,1.458
2014-12-17,1.459
2014-12-18,1.46
2014-12-21,1.466
2014-12-22,1.45
2014-12-23,1.445
2014-12-24,1.443
2014-12-25,1.444
2014-12-28,1.482
2014-12-29,1.492
2014-12-30,1.519
2015-01-04,1.531
2015-01-05,1.52
2015-01-06,1.519
2015-01-07,1.522
2015-01-08,1.541
2015-01-11,1.524
2015-01-12,1.525
2015-01-13,1.517
2015-01-14,1.535
2015-01-15,1.533
2015-01-18,1.473
2015-01-19,1.499
2015-01-20,1.524
2015-01-21,1.522
2015-01-22,1.542
2015-01-25,1.543
2015-01-26,1.527
2015-01-27,1.523
2015-01-28,1.505
2015-01-29,1.511
2015-02-01,1.491
2015-02-02,1.501
2015-02-03,1.495
2015-02-04,1.492
2015-02-05,1.484
2015-02-08,1.482
2015-02-09,1.482
2015-02-10,1.484
2015-02-11,1.485
2015-02-12,1.499
2015-02-15,1.503
2015-02-16,1.51
2015-02-24,1.518
2015-02-25,1.53
2015-02-26,1.532
2015-03-01,1.536
2015-03-02,1.519
2015-03-03,1.502
2015-03-04,1.494
2015-03-05,1.497
2015-03-08,1.498
2015-03-09,1.486
2015-03-10,1.48
2015-03-11,1.491
2015-03-12,1.496
2015-03-15,1.515
2015-03-16,1.515
2015-03-17,1.527
2015-03-18,1.537
2015-03-19,1.548
2015-03-22,1.552
2015-03-23,1.542
2015-03-24,1.543
2015-03-25,1.538
2015-03-26,1.546
2015-03-29,1.589
2015-03-30,1.591
2015-03-31,1.622
2015-04-01,1.64
2015-04-02,1.639
2015-04-06,1.639
2015-04-07,1.759
2015-04-08,1.782
2015-04-09,1.794
2015-04-12,1.83
2015-04-13,1.796
2015-04-14,1.792
2015-04-15,1.806
2015-04-16,1.792
2015-04-19,1.753
2015-04-20,1.795
2015-04-21,1.815
2015-04-22,1.81
2015-04-23,1.813
2015-04-26,1.835
2015-04-27,1.832
2015-04-28,1.825
2015-04-29,1.823
2015-05-03,1.829
2015-05-04,1.795
2015-05-05,1.784
2015-05-06,1.754
2015-05-07,1.788
2015-05-10,1.806
2015-05-11,1.785
2015-05-12,1.774
2015-05-13,1.777
2015-05-14,1.798
2015-05-17,1.79
2015-05-18,1.811
2015-05-19,1.807
2015-05-20,1.802
2015-05-21,1.833
2015-05-24,1.834
2015-05-25,1.865
2015-05-26,1.856
2015-05-27,1.808
2015-05-28,1.808
2015-05-31,1.833
2015-06-01,1.814
2015-06-02,1.801
2015-06-03,1.798
2015-06-04,1.783
2015-06-07,1.778
2015-06-08,1.737
2015-06-09,1.731
2015-06-10,1.742
2015-06-11,1.776
2015-06-14,1.749
2015-06-15,1.722
2015-06-16,1.743
2015-06-17,1.741
2015-06-18,1.722
2015-06-22,1.757
2015-06-23,1.777
2015-06-24,1.764
2015-06-25,1.731
2015-06-28,1.674
2015-06-29,1.712
2015-06-30,1.711
2015-07-01,1.685
2015-07-02,1.639
2015-07-05,1.553
2015-07-06,1.495
2015-07-07,1.421
2015-07-08,1.553
2015-07-09,1.601
2015-07-12,1.631
2015-07-13,1.622
2015-07-14,1.598
2015-07-15,1.608
2015-07-16,1.634
2015-07-19,1.634
2015-07-20,1.646
2015-07-21,1.633
2015-07-22,1.646
2015-07-23,1.63
2015-07-26,1.572
2015-07-27,1.566
2015-07-28,1.57
2015-07-29,1.566
2015-07-30,1.565
2015-08-02,1.546
2015-08-03,1.555
2015-08-04,1.557
2015-08-05,1.555
2015-08-06,1.565
2015-08-09,1.581
2015-08-10,1.6
2015-08-11,1.591
2015-08-12,1.609
2015-08-13,1.615
2015-08-16,1.608
2015-08-17,1.583
2015-08-18,1.576
2015-08-19,1.548
2015-08-20,1.516
2015-08-23,1.44
2015-08-24,1.455
2015-08-25,1.458
2015-08-26,1.515
2015-08-27,1.519
2015-08-30,1.506
2015-08-31,1.479
2015-09-01,1.473
2015-09-06,1.47
2015-09-07,1.508
2015-09-08,1.539
2015-09-09,1.527
2015-09-10,1.526
2015-09-13,1.523
2015-09-14,1.512
2015-09-15,1.539
2015-09-16,1.541
2015-09-17,1.556
2015-09-20,1.55
2015-09-21,1.549
2015-09-22,1.526
2015-09-23,1.527
2015-09-24,1.524
2015-09-27,1.522
2015-09-28,1.5
2015-09-29,1.513
2015-10-07,1.562
2015-10-08,1.57
2015-10-11,1.582
2015-10-12,1.572
2015-10-13,1.567
2015-10-14,1.584
2015-10-15,1.587
2015-10-18,1.587
2015-10-19,1.591
2015-10-20,1.588
2015-10-21,1.585
2015-10-22,1.6
2015-10-25,1.596
2015-10-26,1.595
2015-10-27,1.591
2015-10-28,1.589
2015-10-29,1.575
2015-11-01,1.559
2015-11-02,1.567
2015-11-03,1.594
2015-11-04,1.598
2015-11-05,1.605
2015-11-08,1.601
2015-11-09,1.587
2015-11-10,1.583
2015-11-11,1.598
2015-11-12,1.595
2015-11-15,1.58
2015-11-16,1.592
2015-11-17,1.597
2015-11-18,1.615
2015-11-19,1.627
2015-11-22,1.626
2015-11-23,1.625
2015-11-24,1.624
2015-11-25,1.619
2015-11-26,1.594
2015-11-29,1.595
2015-11-30,1.604
2015-12-01,1.612
2015-12-02,1.608
2015-12-03,1.598
2015-12-06,1.602
2015-12-07,1.589
2015-12-08,1.584
2015-12-09,1.576
2015-12-10,1.552
2015-12-13,1.558
2015-12-14,1.559
2015-12-15,1.579
2015-12-16,1.596
2015-12-17,1.584
2015-12-20,1.586
2015-12-21,1.589
2015-12-22,1.597
2015-12-23,1.598
2015-12-24,1.597
2015-12-27,1.589
2015-12-28,1.595
2015-12-29,1.595
2015-12-30,1.602
2016-01-03,1.567
2016-01-04,1.561
2016-01-05,1.554
2016-01-06,1.511
2016-01-07,1.513
2016-01-10,1.469
2016-01-11,1.464
2016-01-12,1.471
2016-01-13,1.462
2016-01-14,1.44
2016-01-17,1.426
2016-01-18,1.452
2016-01-19,1.412
2016-01-20,1.392
2016-01-21,1.424
2016-01-24,1.441
2016-01-25,1.414
2016-01-26,1.419
2016-01-27,1.431
2016-01-28,1.458
2016-01-31,1.466
2016-02-01,1.469
2016-02-02,1.449
2016-02-03,1.452
2016-02-04,1.444
2016-02-14,1.421
2016-02-15,1.437
2016-02-16,1.433
2016-02-17,1.452
2016-02-18,1.454
2016-02-21,1.469
2016-02-22,1.465
2016-02-23,1.456
2016-02-24,1.444
2016-02-25,1.462
2016-02-28,1.455
2016-02-29,1.471
2016-03-01,1.499
2016-03-02,1.491
2016-03-03,1.498
2016-03-06,1.494
2016-03-07,1.483
2016-03-08,1.475
2016-03-09,1.47
2016-03-10,1.476
2016-03-13,1.495
2016-03-14,1.487
2016-03-15,1.484
2016-03-16,1.499
2016-03-17,1.516
2016-03-20,1.529
2016-03-21,1.541
2016-03-22,1.53
2016-03-23,1.527
2016-03-24,1.528
2016-03-27,1.529
2016-03-28,1.533
2016-03-29,1.534
2016-03-30,1.53
2016-03-31,1.531
2016-04-04,1.518
2016-04-05,1.531
2016-04-06,1.537
2016-04-07,1.536
2016-04-10,1.54
2016-04-11,1.539
2016-04-12,1.554
2016-04-13,1.566
2016-04-14,1.566
2016-04-17,1.559
2016-04-18,1.561
2016-04-19,1.539
2016-04-20,1.548
2016-04-21,1.546
2016-04-24,1.538
2016-04-25,1.532
2016-04-26,1.527
2016-04-27,1.537
2016-04-28,1.529
2016-05-02,1.527
2016-05-03,1.534
2016-05-04,1.533
2016-05-05,1.526
2016-05-08,1.523
2016-05-09,1.524
2016-05-10,1.524
2016-05-11,1.519
2016-05-12,1.515
2016-05-15,1.519
2016-05-16,1.522
2016-05-17,1.516
2016-05-18,1.514
2016-05-19,1.515
2016-05-22,1.511
2016-05-23,1.512
2016-05-24,1.523
2016-05-25,1.522
2016-05-26,1.53
2016-05-29,1.535
2016-05-30,1.54
2016-05-31,1.539
2016-06-01,1.538
2016-06-02,1.541
2016-06-05,1.543
2016-06-06,1.552
2016-06-07,1.55
2016-06-12,1.526
2016-06-13,1.521
2016-06-14,1.53
2016-06-15,1.52
2016-06-16,1.526
2016-06-19,1.529
2016-06-20,1.531
2016-06-21,1.54
2016-06-22,1.535
2016-06-23,1.524
2016-06-26,1.531
2016-06-27,1.533
2016-06-28,1.539
2016-06-29,1.551
2016-06-30,1.554
2016-07-03,1.563
2016-07-04,1.555
2016-07-05,1.553
2016-07-06,1.555
2016-07-07,1.55
2016-07-10,1.56
2016-07-11,1.578
2016-07-12,1.577
2016-07-13,1.583
2016-07-14,1.583
2016-07-17,1.59
2016-07-18,1.589
2016-07-19,1.598
2016-07-20,1.597
2016-07-21,1.594
2016-07-24,1.599
2016-07-25,1.607
2016-07-26,1.6
2016-07-27,1.603
2016-07-28,1.589
2016-07-31,1.596
2016-08-02,1.584
2016-08-03,1.594
2016-08-04,1.609
2016-08-07,1.625
2016-08-08,1.623
2016-08-09,1.622
2016-08-10,1.625
2016-08-11,1.642
2016-08-14,1.651
2016-08-15,1.647
2016-08-16,1.632
2016-08-17,1.651
2016-08-18,1.644
2016-08-21,1.652
2016-08-22,1.644
2016-08-23,1.639
2016-08-24,1.636
2016-08-25,1.643
2016-08-28,1.645
2016-08-29,1.658
2016-08-30,1.657
2016-08-31,1.649
2016-09-01,1.658
2016-09-05,1.694
2016-09-06,1.686
2016-09-07,1.691
2016-09-08,1.691
2016-09-11,1.658
2016-09-12,1.651
2016-09-13,1.654
2016-09-18,1.668
2016-09-19,1.664
2016-09-20,1.679
2016-09-21,1.687
2016-09-22,1.686
2016-09-25,1.655
2016-09-26,1.665
2016-09-27,1.662
2016-09-29,1.662
2016-10-09,
2016-10-10,1.684
2016-10-11,1.675
2016-10-12,1.659
2016-10-13,1.661
2016-10-16,1.664
2016-10-17,1.681
2016-10-18,1.675
2016-10-19,1.679
2016-10-23,1.694
2016-10-24,1.695
2016-10-25,1.681
2016-10-26,1.675
2016-10-27,1.674
2016-10-30,1.662
2016-10-31,1.664
2016-11-01,1.647
2016-11-02,1.644
2016-11-03,1.643
2016-11-06,1.664
2016-11-07,1.673
2016-11-08,1.659
2016-11-09,1.674
2016-11-10,1.666
2016-11-13,1.657
2016-11-14,1.663
2016-11-15,1.672
2016-11-16,1.672
2016-11-17,1.673
2016-11-20,1.677
2016-11-21,1.685
2016-11-22,1.684
2016-11-24,1.687
2016-11-27,1.697
2016-11-28,1.693
2016-11-29,1.696
2016-11-30,1.697
2016-12-01,1.679
2016-12-04,1.672
2016-12-05,1.669
2016-12-06,1.677
2016-12-07,1.683
2016-12-08,1.679
2016-12-11,1.659
2016-12-12,1.661
2016-12-13,1.662
2016-12-14,1.654
2016-12-15,1.661
2016-12-18,1.649
2016-12-19,1.645
2016-12-20,1.654
2016-12-21,1.643
2016-12-22,1.642
2016-12-27,1.65
2016-12-28,1.654
2016-12-29,1.659
2016-12-30,1.659
2017-01-02,1.668
2017-01-03,1.674
2017-01-04,1.687
2017-01-05,1.672
2017-01-08,1.685
2017-01-09,1.702
2017-01-10,1.706
2017-01-11,1.7
2017-01-12,1.693
2017-01-16,1.698
2017-01-17,1.698
2017-01-18,1.699
2017-01-19,1.7
2017-01-22,1.704
2017-01-23,1.713
2017-01-24,1.719
2017-01-25,1.731
2017-02-02,1.717
2017-02-05,1.728
2017-02-06,1.731
2017-02-07,1.747
2017-02-08,1.748
2017-02-09,1.754
2017-02-12,1.774
2017-02-13,1.768
2017-02-14,1.768
2017-02-15,1.775
2017-02-16,1.769
2017-02-20,1.777
2017-02-21,1.796
2017-02-22,1.791
2017-02-23,1.776
2017-02-26,1.778
2017-02-27,1.767
2017-02-28,1.772
2017-03-01,1.77
2017-03-02,1.769
2017-03-05,1.772
2017-03-06,1.779
2017-03-07,1.785
2017-03-08,1.769
2017-03-09,1.772
2017-03-12,1.793
2017-03-13,1.799
2017-03-14,1.797
2017-03-15,1.823
2017-03-16,1.827
2017-03-19,1.838
2017-03-20,1.839
2017-03-21,1.823
2017-03-22,1.832
2017-03-23,1.838
2017-03-26,1.821
2017-03-27,1.827
2017-03-28,1.828
2017-03-29,1.815
2017-03-30,1.826
2017-04-04,1.843
2017-04-05,1.841
2017-04-06,1.85
2017-04-09,1.838
2017-04-10,1.833
2017-04-11,1.839
2017-04-12,1.835
2017-04-17,1.823
2017-04-18,1.82
2017-04-19,1.835
2017-04-20,1.838
2017-04-23,1.84
2017-04-24,1.851
2017-04-25,1.855
2017-04-26,1.851
2017-04-27,1.85
2017-05-01,1.869
2017-05-03,1.857
2017-05-04,1.843
2017-05-07,1.849
2017-05-08,1.878
2017-05-09,1.886
2017-05-10,1.885
2017-05-11,1.881
2017-05-14,1.893
2017-05-15,1.903
2017-05-16,1.892
2017-05-17,1.875
2017-05-18,1.889
2017-05-21,1.905
2017-05-22,1.903
2017-05-23,1.904
2017-05-24,1.908
2017-05-25,1.911
2017-05-30,1.909
2017-05-31,1.91
2017-06-01,1.914
2017-06-04,1.912
2017-06-05,1.908
2017-06-06,1.92
2017-06-07,1.941
2017-06-08,1.95
2017-06-11,1.928
2017-06-12,1.937
2017-06-13,1.935
2017-06-14,1.911
2017-06-15,1.914
2017-06-18,1.935
2017-06-19,1.94
2017-06-20,1.944
2017-06-21,1.943
2017-06-22,1.948
2017-06-25,1.955
2017-06-26,1.954
2017-06-27,1.924
2017-06-28,1.928
2017-06-29,1.912
2017-07-02,1.926
2017-07-04,1.923
2017-07-05,1.926
2017-07-06,1.92
2017-07-09,1.927
2017-07-10,1.945
2017-07-11,1.946
2017-07-12,1.963
2017-07-13,1.967
2017-07-16,1.961
2017-07-17,1.981
2017-07-18,2.003
2017-07-19,2.0
2017-07-20,1.99
2017-07-23,1.998
2017-07-24,1.991
2017-07-25,1.978
2017-07-26,1.979
2017-07-27,1.979
2017-07-30,1.994
2017-07-31,1.99
2017-08-01,1.994
2017-08-02,1.983
2017-08-03,1.986
2017-08-06,2.011
2017-08-07,2.022
2017-08-08,2.01
2017-08-09,1.983
2017-08-10,1.933
2017-08-13,1.97
2017-08-14,1.972
2017-08-15,1.988
2017-08-16,1.996
2017-08-17,1.994
2017-08-20,2.008
2017-08-21,2.002
2017-08-23,1.998
2017-08-24,2.008
2017-08-27,1.997
2017-08-28,1.986
2017-08-29,1.997
2017-08-30,2.006
2017-08-31,2.009
2017-09-04,1.986
2017-09-05,1.984
2017-09-06,1.992
2017-09-07,1.992
2017-09-10,2.0
2017-09-11,2.026
2017-09-12,2.036
2017-09-13,2.024
2017-09-14,2.016
2017-09-17,2.028
2017-09-18,2.025
2017-09-19,2.045
2017-09-20,2.074
2017-09-21,2.058
2017-09-24,2.014
2017-09-25,2.013
2017-09-26,2.033
2017-09-27,2.016
2017-09-28,2.029
2017-10-08,2.083
2017-10-09,2.093
2017-10-10,2.081
2017-10-11,2.084
2017-10-12,2.088
2017-10-15,2.098
2017-10-16,2.084
2017-10-17,2.089
2017-10-18,2.052
2017-10-19,2.084
2017-10-22,2.084
2017-10-23,2.068
2017-10-24,2.072
2017-10-25,2.055
2017-10-26,2.053
2017-10-29,2.059
2017-10-30,2.061
2017-10-31,2.074
2017-11-01,2.074
2017-11-02,2.065
2017-11-05,2.078
2017-11-06,2.089
2017-11-07,2.081
2017-11-08,2.112
2017-11-09,2.131
2017-11-12,2.146
2017-11-13,2.135
2017-11-14,2.102
2017-11-15,2.129
2017-11-16,2.129
2017-11-19,2.135
2017-11-20,2.162
2017-11-21,2.17
2017-11-23,2.13
2017-11-26,2.103
2017-11-27,2.109
2017-11-28,2.1
2017-11-29,2.062
2017-11-30,2.05
2017-12-03,2.067
2017-12-04,2.041
2017-12-05,1.986
2017-12-06,1.994
2017-12-07,2.043
2017-12-10,2.072
2017-12-11,2.033
2017-12-12,2.047
2017-12-13,2.045
2017-12-14,2.02
2017-12-17,2.02
2017-12-18,2.036
2017-12-19,2.024
2017-12-20,2.035
2017-12-21,2.048
2017-12-26,2.035
2017-12-27,2.061
2017-12-28,2.07
2017-12-30,2.07
2018-01-01,2.11
2018-01-02,2.122
2018-01-03,2.137
2018-01-04,2.124
2018-01-07,2.14
2018-01-08,2.147
2018-01-09,2.146
2018-01-10,2.139
2018-01-11,2.145
2018-01-15,2.128
2018-01-16,2.136
2018-01-17,2.134
2018-01-18,2.142
2018-01-21,2.164
2018-01-22,2.189
2018-01-23,2.175
2018-01-24,2.162
2018-01-25,2.183
2018-01-28,2.166
2018-01-29,2.153
2018-01-30,2.175
2018-01-31,2.141
2018-02-01,2.145
2018-02-04,2.124
2018-02-05,2.036
2018-02-06,2.014
2018-02-07,2.015
2018-02-08,1.982
2018-02-11,1.999
2018-02-12,2.028
2018-02-13,2.067
2018-02-21,2.115
2018-02-22,2.145
2018-02-25,2.166
2018-02-26,2.138
2018-02-27,2.125
2018-02-28,2.138
2018-03-01,2.105
2018-03-04,2.067
2018-03-05,2.108
2018-03-06,2.092
2018-03-07,2.11
2018-03-08,2.14
2018-03-11,2.165
2018-03-12,2.149
2018-03-13,2.154
2018-03-14,2.166
2018-03-15,2.171
2018-03-18,2.164
2018-03-19,2.174
2018-03-20,2.151
2018-03-21,2.101
2018-03-22,2.053
2018-03-25,2.074
2018-03-26,2.07
2018-03-27,2.014
2018-03-28,2.034
2018-04-01,
2018-04-02,2.021
2018-04-03,1.991
2018-04-08,2.025
2018-04-09,2.063
2018-04-10,2.053
2018-04-11,2.029
2018-04-12,2.017
2018-04-15,2.001
2018-04-16,1.98
2018-04-17,1.98
2018-04-18,2.005
2018-04-19,1.982
2018-04-22,1.975
2018-04-23,1.997
2018-04-24,1.977
2018-04-25,1.966
2018-04-26,1.979
2018-05-01,2.006
2018-05-02,2.003
2018-05-03,1.994
2018-05-06,2.014
2018-05-07,2.036
2018-05-08,2.039
2018-05-09,2.054
2018-05-10,2.053
2018-05-13,2.075
2018-05-14,2.071
2018-05-15,2.08
2018-05-16,2.072
2018-05-17,2.075
2018-05-20,2.087
2018-05-22,2.073
2018-05-23,2.084
2018-05-24,2.087
2018-05-28,2.099
2018-05-29,2.101
2018-05-30,2.108
2018-05-31,2.119
2018-06-03,2.134
2018-06-04,2.147
2018-06-05,2.155
2018-06-06,2.142
2018-06-07,2.154
2018-06-10,2.154
2018-06-11,2.166
2018-06-12,2.15
2018-06-13,2.146
2018-06-14,2.141
2018-06-18,2.112
2018-06-19,2.134
2018-06-20,2.12
2018-06-21,2.126
2018-06-24,2.077
2018-06-25,2.076
2018-06-26,2.042
2018-06-27,2.056
2018-06-28,2.086
2018-06-29,2.086
2018-07-01,2.073
2018-07-02,2.073
2018-07-04,2.029
2018-07-05,2.053
2018-07-08,2.063
2018-07-09,2.051
2018-07-10,2.035
2018-07-11,2.069
2018-07-12,2.071
2018-07-15,2.06
2018-07-16,2.056
2018-07-17,2.067
2018-07-18,2.05
2018-07-19,2.06
2018-07-22,2.051
2018-07-23,2.08
2018-07-24,2.092
2018-07-25,2.056
2018-07-26,2.06
2018-07-29,2.044
2018-07-30,2.029
2018-07-31,2.02
2018-08-01,1.983
2018-08-02,1.982
2018-08-05,1.977
2018-08-06,2.0
2018-08-07,1.995
2018-08-08,2.01
2018-08-09,2.012
2018-08-12,2.003
2018-08-13,1.981
2018-08-14,1.95
2018-08-15,1.95
2018-08-16,1.932
2018-08-19,1.956
2018-08-20,1.967
2018-08-21,1.981
2018-08-22,1.979
2018-08-23,1.986
2018-08-26,2.006
2018-08-27,1.997
2018-08-28,2.007
2018-08-29,1.997
2018-08-30,1.995
2018-09-02,
2018-09-03,1.997
2018-09-04,1.972
2018-09-05,1.947
2018-09-06,1.956
2018-09-09,1.945
2018-09-10,1.934
2018-09-11,1.93
2018-09-12,1.944
2018-09-13,1.952
2018-09-16,1.94
2018-09-17,1.958
2018-09-18,1.97
2018-09-19,1.984
2018-09-20,1.997
2018-09-25,2.001
2018-09-26,2.002
2018-09-27,2.005
2018-10-07,1.944
2018-10-08,1.943
2018-10-09,1.899
2018-10-10,1.888
2018-10-11,1.91
2018-10-14,1.904
2018-10-15,1.916
2018-10-17,1.9
2018-10-18,1.887
2018-10-21,1.921
2018-10-22,1.887
2018-10-23,1.852
2018-10-24,1.865
2018-10-25,1.841
2018-10-28,1.807
2018-10-29,1.814
2018-10-30,1.855
2018-10-31,1.885
2018-11-01,1.914
2018-11-04,1.888
2018-11-05,1.896
2018-11-06,1.907
2018-11-07,1.915
2018-11-08,1.878
2018-11-11,1.882
2018-11-12,1.889
2018-11-13,1.867
2018-11-14,1.888
2018-11-15,1.894
2018-11-18,1.892
2018-11-19,1.863
2018-11-20,1.871
2018-11-22,1.858
2018-11-25,1.874
2018-11-26,1.871
2018-11-27,1.906
2018-11-28,1.892
2018-11-29,1.906
2018-12-02,1.939
2018-12-03,1.91
2018-12-05,1.85
2018-12-06,1.838
2018-12-09,1.833
2018-12-10,1.839
2018-12-11,1.857
2018-12-12,1.869
2018-12-13,1.843
2018-12-16,1.833
2018-12-17,1.816
2018-12-18,1.801
2018-12-19,1.78
2018-12-20,1.771
2018-12-23,1.766
2018-12-26,1.761
2018-12-27,1.758
2018-12-30,1.773
2019-01-01,1.743
2019-01-02,1.735
2019-01-03,1.759
2019-01-06,1.765
2019-01-07,1.771
2019-01-08,1.784
2019-01-09,1.775
2019-01-10,1.765
2019-01-13,1.742
2019-01-14,1.764
2019-01-15,1.774
2019-01-16,1.774
2019-01-17,1.79
2019-01-21,1.793
2019-01-22,1.799
2019-01-23,1.807
2019-01-24,1.817
2019-01-27,1.795
2019-01-28,1.79
2019-01-29,1.8
2019-01-30,1.792
2019-01-31,1.806
2019-02-10,1.841
2019-02-11,1.859
2019-02-12,1.865
2019-02-13,1.872
2019-02-14,1.862
2019-02-18,1.874
2019-02-19,1.877
2019-02-20,1.867
2019-02-21,1.897
2019-02-24,1.904
2019-02-25,1.898
2019-02-26,1.879
2019-02-27,1.879
2019-02-28,1.91
2019-03-03,1.909
2019-03-04,1.914
2019-03-05,1.914
2019-03-06,1.874
2019-03-07,1.861
2019-03-10,1.889
2019-03-11,1.895
2019-03-12,1.874
2019-03-13,1.851
2019-03-14,1.865
2019-03-17,1.883
2019-03-18,1.883
2019-03-19,1.873
2019-03-20,1.872
2019-03-21,1.863
2019-03-24,1.862
2019-03-25,1.858
2019-03-26,1.866
2019-03-27,1.87
2019-03-28,1.882
2019-03-31,1.896
2019-04-01,1.908
2019-04-02,1.922
2019-04-03,1.911
2019-04-07,1.92
2019-04-08,1.922
2019-04-09,1.93
2019-04-10,1.91
2019-04-11,1.92
2019-04-14,1.894
2019-04-15,1.902
2019-04-16,1.91
2019-04-17,1.917
2019-04-18,1.92
2019-04-21,1.925
2019-04-22,1.934
2019-04-23,1.926
2019-04-24,1.887
2019-04-25,1.886
2019-04-28,1.881
2019-04-29,1.887
2019-05-05,1.874
2019-05-06,1.872
2019-05-07,1.873
2019-05-08,1.865
2019-05-09,1.887
2019-05-12,1.855
2019-05-13,1.876
2019-05-14,1.894
2019-05-15,1.89
2019-05-16,1.871
2019-05-19,1.843
2019-05-20,1.864
2019-05-21,1.87
2019-05-22,1.838
2019-05-23,1.833
2019-05-26,1.835
2019-05-27,1.851
2019-05-28,1.844
2019-05-29,1.844
2019-05-30,1.838
2019-06-02,1.84
2019-06-03,1.851
2019-06-04,1.857
2019-06-05,1.862
2019-06-09,1.902
2019-06-10,1.906
2019-06-11,1.889
2019-06-12,1.892
2019-06-13,1.869
2019-06-16,1.857
2019-06-17,1.874
2019-06-18,1.883
2019-06-19,1.879
2019-06-20,1.876
2019-06-23,1.871
2019-06-24,1.855
2019-06-25,1.869
2019-06-26,1.881
2019-06-27,1.876
2019-06-29,1.876
2019-06-30,1.887
2019-07-01,1.888
2019-07-02,1.89
2019-07-03,1.891
2019-07-04,1.888
2019-07-07,1.879
2019-07-08,1.882
2019-07-09,1.885
2019-07-10,1.872
2019-07-11,1.882
2019-07-14,1.888
2019-07-15,1.881
2019-07-16,1.883
2019-07-17,1.88
2019-07-18,1.881
2019-07-21,1.864
2019-07-22,1.874
2019-07-23,1.88
2019-07-24,1.868
2019-07-25,1.867
2019-07-28,1.857
2019-07-29,1.849
2019-07-30,1.842
2019-07-31,1.845
2019-08-01,1.847
2019-08-04,1.833
2019-08-05,1.84
2019-08-06,1.855
2019-08-07,1.888
2019-08-08,1.877
2019-08-11,1.877
2019-08-12,1.871
2019-08-13,1.84
2019-08-14,1.847
2019-08-15,1.879
2019-08-18,1.897
2019-08-19,1.897
2019-08-20,1.919
2019-08-21,1.905
2019-08-22,1.885
2019-08-25,1.903
2019-08-26,1.907
2019-08-27,1.914
2019-08-28,1.924
2019-08-29,1.926
2019-09-01,1.934
2019-09-02,1.914
2019-09-03,1.937
2019-09-04,1.95
2019-09-05,1.95
2019-09-08,1.934
2019-09-09,1.925
2019-09-10,1.927
2019-09-11,1.928
2019-09-15,1.931
2019-09-16,1.93
2019-09-17,1.934
2019-09-18,1.936
2019-09-19,1.93
2019-09-22,1.922
2019-09-23,1.899
2019-09-24,1.902
2019-09-25,1.897
2019-09-26,1.862
2019-09-29,1.871
2019-10-07,1.851
2019-10-08,1.855
2019-10-09,1.861
2019-10-10,1.872
2019-10-13,1.876
2019-10-14,1.881
2019-10-15,1.875
2019-10-16,1.883
2019-10-17,1.87
2019-10-20,1.885
2019-10-21,1.861
2019-10-22,1.862
2019-10-23,1.876
2019-10-24,1.89
2019-10-27,1.906
2019-10-28,1.888
2019-10-29,1.894
2019-10-30,1.891
2019-10-31,1.901
2019-11-03,1.921
2019-11-04,1.923
2019-11-05,1.924
2019-11-06,1.932
2019-11-07,1.919
2019-11-10,1.9
2019-11-11,1.927
2019-11-12,1.918
2019-11-13,1.924
2019-11-14,1.936
2019-11-17,1.941
2019-11-18,1.951
2019-11-19,1.947
2019-11-20,1.93
2019-11-21,1.945
2019-11-24,1.962
2019-11-25,1.973
2019-11-26,1.978
2019-11-27,1.979
2019-11-28,1.965
2019-12-01,1.968
2019-12-02,1.965
2019-12-03,1.971
2019-12-04,2.003
2019-12-05,2.009
2019-12-08,2.006
2019-12-09,2.001
2019-12-10,2.019
2019-12-11,2.039
2019-12-12,2.048
2019-12-15,2.061
2019-12-16,2.077
2019-12-17,2.078
2019-12-18,2.073
2019-12-19,2.079
2019-12-22,2.084
2019-12-23,2.097
2019-12-24,2.096
2019-12-25,2.093
2019-12-26,2.099
2019-12-29,2.095
2019-12-30,2.107
2020-01-01,2.137
2020-01-02,2.129
2020-01-05,2.122
2020-01-06,2.141
2020-01-07,2.128
2020-01-08,2.157
2020-01-09,2.156
2020-01-12,2.176
2020-01-13,2.159
2020-01-14,2.153
2020-01-15,2.168
2020-01-16,2.198
2020-01-19,2.187
2020-01-20,2.148
2020-01-21,2.181
2020-01-22,2.145
2020-02-02,2.067
2020-02-03,2.139
2020-02-04,2.153
2020-02-05,2.19
2020-02-06,2.186
2020-02-09,2.202
2020-02-10,2.241
2020-02-11,2.285
2020-02-12,2.294
2020-02-13,2.3
2020-02-16,2.309
2020-02-17,2.313
2020-02-18,2.351
2020-02-19,2.364
2020-02-20,2.336
2020-02-23,2.274
2020-02-24,2.26
2020-02-25,2.235
2020-02-26,2.216
2020-02-27,2.181
2020-03-01,2.203
2020-03-02,2.192
2020-03-03,2.23
2020-03-04,2.227
2020-03-05,2.18
2020-03-08,2.035
2020-03-09,2.101
2020-03-10,2.085
2020-03-11,1.951
2020-03-12,2.015
2020-03-15,1.873
2020-03-16,1.915
2020-03-17,1.816
2020-03-18,1.825
2020-03-19,1.878
2020-03-22,1.857
2020-03-23,1.989
2020-03-24,2.025
2020-03-25,2.039
2020-03-26,1.999
2020-03-29,2.005
2020-03-30,2.029
2020-03-31,1.964
2020-04-01,2.016
2020-04-02,1.991
2020-04-06,2.095
2020-04-07,2.09
2020-04-08,2.104
2020-04-09,2.099
2020-04-12,2.113
2020-04-13,2.186
2020-04-14,2.142
2020-04-15,2.177
2020-04-16,2.201
2020-04-19,2.209
2020-04-20,2.14
2020-04-21,2.2
2020-04-22,2.2
2020-04-23,2.193
2020-04-26,2.214
2020-04-27,2.215
2020-04-28,2.241
2020-04-29,2.227
2020-05-05,2.229
2020-05-06,2.264
2020-05-07,2.311
2020-05-10,2.33
2020-05-11,2.319
2020-05-12,2.285
2020-05-13,2.312
2020-05-14,2.318
2020-05-17,2.355
2020-05-18,2.369
2020-05-19,2.387
2020-05-20,2.351
2020-05-21,2.286
2020-05-24,2.314
2020-05-25,2.336
2020-05-26,2.316
2020-05-27,2.295
2020-05-28,2.349
2020-05-31,2.397
2020-06-01,2.404
2020-06-02,2.418
2020-06-03,2.4
2020-06-04,2.42
2020-06-07,2.409
2020-06-08,2.419
2020-06-09,2.451
2020-06-10,2.347
2020-06-11,2.39
2020-06-14,2.374
2020-06-15,2.426
2020-06-16,2.465
2020-06-17,2.484
2020-06-18,2.522
2020-06-21,2.542
2020-06-22,2.586
2020-06-23,2.562
2020-06-28,2.597
2020-06-29,2.619
2020-06-30,2.645
2020-07-01,2.725
2020-07-02,2.764
2020-07-05,2.849
2020-07-06,2.79
2020-07-07,2.871
2020-07-08,2.905
2020-07-09,3.042
2020-07-12,3.011
2020-07-13,2.993
2020-07-14,3.053
2020-07-15,2.9
2020-07-16,2.958
2020-07-19,3.04
2020-07-20,3.086
2020-07-21,3.059
2020-07-22,3.145
2020-07-23,3.081
2020-07-26,3.155
2020-07-27,3.134
2020-07-28,3.19
2020-07-29,3.206
2020-07-30,3.215
2020-08-02,3.265
2020-08-03,3.328
2020-08-04,3.372
2020-08-05,3.336
2020-08-06,3.286
2020-08-09,3.248
2020-08-10,3.222
2020-08-11,3.202
2020-08-12,3.226
2020-08-13,3.22
2020-08-16,3.269
2020-08-17,3.294
2020-08-18,3.247
2020-08-19,3.241
2020-08-20,3.251
2020-08-23,3.28
2020-08-24,3.297
2020-08-25,3.259
2020-08-26,3.246
2020-08-27,3.26
2020-08-30,3.216
2020-08-31,3.272
2020-09-01,3.329
2020-09-02,3.217
2020-09-03,3.17
2020-09-06,3.133
2020-09-07,3.055
2020-09-08,3.06
2020-09-09,3.012
2020-09-10,3.075
2020-09-13,3.156
2020-09-14,3.175
2020-09-15,3.157
2020-09-16,3.121
2020-09-17,3.153
2020-09-20,3.094
2020-09-21,3.099
2020-09-22,3.104
2020-09-23,3.077
2020-09-24,3.068
2020-09-27,3.119
2020-09-28,3.153
2020-09-29,3.203
2020-10-08,3.406
2020-10-11,3.448
2020-10-12,3.474
2020-10-13,3.47
2020-10-14,3.396
2020-10-15,3.384
2020-10-18,3.295
2020-10-19,3.357
2020-10-20,3.312
2020-10-21,3.271
2020-10-22,3.269
2020-10-25,3.238
2020-10-26,3.253
2020-10-27,3.255
2020-10-28,3.345
2020-10-29,3.231
2020-11-01,3.28
2020-11-02,3.29
2020-11-03,3.353
2020-11-04,3.502
2020-11-05,3.48
2020-11-08,3.478
2020-11-09,3.331
2020-11-10,3.282
2020-11-11,3.354
2020-11-12,3.393
2020-11-15,3.424
2020-11-16,3.378
2020-11-17,3.389
2020-11-18,3.37
2020-11-19,3.396
2020-11-22,3.444
2020-11-23,3.453
2020-11-24,3.418
2020-11-25,3.444
2020-11-26,3.48
2020-11-29,3.467
2020-11-30,3.471
2020-12-01,3.413
2020-12-02,3.407
2020-12-03,3.441
2020-12-06,3.442
2020-12-07,3.465
2020-12-08,3.399
2020-12-09,3.411
2020-12-10,3.418
2020-12-13,3.456
2020-12-14,3.488
2020-12-15,3.491
2020-12-16,3.555
2020-12-17,3.578
2020-12-20,3.613
2020-12-21,3.585
2020-12-22,3.664
2020-12-23,3.645
2020-12-24,3.644
2020-12-27,3.608
2020-12-28,3.646
2020-12-29,3.739
2020-12-30,3.767
2021-01-03,3.856
2021-01-04,3.892
2021-01-05,3.87
2021-01-06,3.911
2021-01-07,3.96
2021-01-10,3.931
2021-01-11,3.972
2021-01-12,3.979
2021-01-13,4.027
2021-01-14,4.006
2021-01-17,4.11
2021-01-18,4.225
2021-01-19,4.316
2021-01-20,4.348
2021-01-21,4.379
2021-01-24,4.432
2021-01-25,4.336
2021-01-26,4.244
2021-01-27,4.172
2021-01-28,4.149
2021-01-31,4.23
2021-02-01,4.329
2021-02-02,4.348
2021-02-03,4.325
2021-02-04,4.321
2021-02-07,4.342
2021-02-08,4.392
2021-02-09,4.433
2021-02-17,4.411
2021-02-18,4.439
2021-02-21,4.269
2021-02-22,4.259
2021-02-23,4.168
2021-02-24,4.15
2021-02-25,4.04
2021-02-28,4.181
2021-03-01,4.09
2021-03-02,4.074
2021-03-03,3.858
2021-03-04,3.847
2021-03-07,3.621
2021-03-08,3.749
2021-03-09,3.741
2021-03-10,3.916
2021-03-11,3.84
2021-03-14,3.834
2021-03-15,3.895
2021-03-16,3.892
2021-03-17,3.834
2021-03-18,3.792
2021-03-21,3.793
2021-03-22,3.676
2021-03-23,3.563
2021-03-24,3.575
2021-03-25,3.683
2021-03-28,3.633
2021-03-29,3.709
2021-03-30,3.759
2021-03-31,3.875
2021-04-01,3.878
2021-04-05,3.885
2021-04-06,3.84
2021-04-07,3.85
2021-04-08,3.821
2021-04-11,3.774
2021-04-12,3.755
2021-04-13,3.771
2021-04-14,3.779
2021-04-15,3.803
2021-04-18,3.799
2021-04-19,3.753
2021-04-20,3.785
2021-04-21,3.811
2021-04-22,3.877
2021-04-25,3.916
2021-04-26,3.902
2021-04-27,3.905
2021-04-28,3.848
2021-04-29,3.803
2021-05-05,3.751
2021-05-06,3.727
2021-05-09,3.66
2021-05-10,3.641
2021-05-11,3.621
2021-05-12,3.583
2021-05-13,3.624
2021-05-16,3.63
2021-05-17,3.669
2021-05-18,3.681
2021-05-19,3.72
2021-05-20,3.723
2021-05-23,3.744
2021-05-24,3.754
2021-05-25,3.747
2021-05-26,3.765
2021-05-27,3.742
2021-05-30,3.752
2021-05-31,3.802
2021-06-01,3.808
2021-06-02,3.756
2021-06-03,3.78
2021-06-06,3.755
2021-06-07,3.755
2021-06-08,3.753
2021-06-09,3.788
2021-06-10,3.791
2021-06-14,3.781
2021-06-15,3.725
2021-06-16,3.762
2021-06-17,3.757
2021-06-20,3.76
2021-06-21,3.757
2021-06-22,3.817
2021-06-23,3.887
2021-06-24,3.906
2021-06-27,3.966
2021-06-28,3.976
2021-06-29,3.934
2021-06-30,3.906
2021-07-01,3.865
2021-07-04,3.858
2021-07-05,3.819
2021-07-06,3.78
2021-07-07,3.708
2021-07-08,3.743
2021-07-11,3.758
2021-07-12,3.759
2021-07-13,3.723
2021-07-14,3.692
2021-07-15,3.686
2021-07-18,3.69
2021-07-19,3.712
2021-07-20,3.778
2021-07-21,3.793
2021-07-22,3.756
2021-07-25,3.624
2021-07-26,3.454
2021-07-27,3.549
2021-07-28,3.622
2021-07-29,3.588
2021-08-01,3.653
2021-08-02,3.623
2021-08-03,3.683
2021-08-04,3.691
2021-08-05,3.636
2021-08-08,3.708
2021-08-09,3.727
2021-08-10,3.701
2021-08-11,3.675
2021-08-12,3.663
2021-08-15,3.576
2021-08-16,3.54
2021-08-17,3.582
2021-08-18,3.524
2021-08-19,3.533
2021-08-22,3.622
2021-08-23,3.702
2021-08-24,3.716
2021-08-25,3.676
2021-08-26,3.699
2021-08-29,3.721
2021-08-30,3.769
2021-08-31,3.82
2021-09-01,3.814
2021-09-02,3.817
2021-09-05,3.821
2021-09-06,3.876
2021-09-07,3.823
2021-09-08,3.779
2021-09-09,3.808
2021-09-12,3.733
2021-09-13,3.736
2021-09-14,3.73
2021-09-15,3.703
2021-09-16,3.738
2021-09-21,3.697
2021-09-22,3.745
2021-09-23,3.672
2021-09-26,3.669
2021-09-27,3.62
2021-09-28,3.572
2021-09-29,3.592
2021-10-07,3.51
2021-10-10,3.524
2021-10-11,3.516
2021-10-12,3.57
2021-10-13,3.57
2021-10-14,3.616
2021-10-17,3.645
2021-10-18,3.677
2021-10-19,3.675
2021-10-20,3.704
2021-10-21,3.708
2021-10-24,3.753
2021-10-25,3.74
2021-10-26,3.699
2021-10-27,3.756
2021-10-28,3.755
2021-10-31,3.785
2021-11-01,3.748
2021-11-02,3.759
2021-11-03,3.845
2021-11-04,3.779
2021-11-07,3.767
2021-11-08,3.872
2021-11-09,3.823
2021-11-10,3.902
2021-11-11,3.95
2021-11-14,3.937
2021-11-15,4.005
2021-11-16,4.01
2021-11-17,4.002
2021-11-18,4.035
2021-11-21,3.946
2021-11-22,3.887
2021-11-23,3.93
2021-11-24,3.932
2021-11-25,3.864
2021-11-28,3.916
2021-11-29,3.872
2021-11-30,3.744
2021-12-01,3.746
2021-12-02,3.655
2021-12-05,3.588
2021-12-06,3.707
2021-12-07,3.74
2021-12-08,3.652
2021-12-09,3.624
2021-12-12,3.572
2021-12-13,3.537
2021-12-14,3.552
2021-12-15,3.469
2021-12-16,3.479
2021-12-19,3.417
2021-12-20,3.496
2021-12-21,3.528
2021-12-22,3.556
2021-12-23,3.552
2021-12-26,3.584
2021-12-27,3.469
2021-12-28,3.441
2021-12-29,3.452
2021-12-30,3.472
2022-01-03,3.438
2022-01-04,3.278
2022-01-05,3.287
2022-01-06,3.243
2022-01-09,3.261
2022-01-10,3.308
2022-01-11,3.379
2022-01-12,3.28
2022-01-13,3.294
2022-01-16,3.276
2022-01-17,3.213
2022-01-18,3.181
2022-01-19,3.218
2022-01-20,3.157
2022-01-23,3.138
2022-01-24,3.064
2022-01-25,3.045
2022-01-26,2.93
2022-01-27,2.959
2022-02-06,3.089
2022-02-07,3.093
2022-02-08,3.193
2022-02-09,3.161
2022-02-10,3.082
2022-02-13,3.06
2022-02-14,3.137
2022-02-15,3.107
2022-02-16,3.043
2022-02-17,2.962
2022-02-20,2.936
2022-02-21,2.884
2022-02-22,2.834
2022-02-23,2.867
2022-02-24,2.898
2022-02-27,2.928
2022-02-28,2.889
2022-03-01,2.913
2022-03-02,2.833
2022-03-03,2.757
2022-03-06,2.655
2022-03-07,2.641
2022-03-08,2.717
2022-03-09,2.678
2022-03-10,2.602
2022-03-13,2.489
2022-03-14,2.515
2022-03-15,2.719
2022-03-16,2.78
2022-03-17,2.827
2022-03-20,2.811
2022-03-21,2.88
2022-03-22,2.858
2022-03-23,2.893
2022-03-24,2.846
2022-03-27,2.891
2022-03-28,2.931
2022-03-29,2.893
2022-03-30,2.846
2022-03-31,2.848
2022-04-05,2.773
2022-04-06,2.765
2022-04-07,2.726
2022-04-10,2.673
2022-04-11,2.676
2022-04-12,2.726
2022-04-13,2.663
2022-04-14,2.675
2022-04-17,2.663
2022-04-18,2.688
2022-04-19,2.65
2022-04-20,2.606
2022-04-21,2.584
2022-04-24,2.608
2022-04-25,2.547
2022-04-26,2.544
2022-04-27,2.596
2022-04-28,2.574
2022-05-04,2.554
2022-05-05,2.544
2022-05-08,2.461
2022-05-09,2.482
2022-05-10,2.422
2022-05-11,2.417
2022-05-12,2.534
2022-05-15,2.503
2022-05-16,2.567
2022-05-17,2.48
2022-05-18,2.49
2022-05-19,2.483
2022-05-22,2.467
2022-05-23,2.397
2022-05-24,2.435
2022-05-25,2.481
2022-05-26,2.567
2022-05-29,2.563
2022-05-30,2.552
2022-05-31,2.537
2022-06-01,2.603
2022-06-05,2.561
2022-06-06,2.577
2022-06-07,2.59
2022-06-08,2.54
2022-06-09,2.49
2022-06-12,2.407
2022-06-13,2.433
2022-06-14,2.488
2022-06-15,2.391
2022-06-16,2.425
2022-06-19,2.434
2022-06-20,2.485
2022-06-21,2.474
2022-06-22,2.513
2022-06-23,2.578
2022-06-26,2.577
2022-06-27,2.536
2022-06-28,2.51
2022-06-29,2.482
2022-06-30,2.478
2022-07-03,2.485
2022-07-04,2.523
2022-07-05,2.523
2022-07-06,2.582
2022-07-07,2.591
2022-07-10,2.523
2022-07-11,2.49
2022-07-12,2.504
2022-07-13,2.505
2022-07-14,2.549
2022-07-17,2.544
2022-07-18,2.612
2022-07-19,2.669
2022-07-20,2.718
2022-07-21,2.649
2022-07-24,2.639
2022-07-25,2.573
2022-07-26,2.68
2022-07-27,2.692
2022-07-28,2.739
2022-07-31,2.738
2022-08-01,2.739
2022-08-02,2.824
2022-08-03,2.837
2022-08-04,2.816
2022-08-07,2.806
2022-08-08,2.75
2022-08-09,2.832
2022-08-10,2.807
2022-08-11,2.86
2022-08-14,2.873
2022-08-15,2.846
2022-08-16,2.805
2022-08-17,2.8
2022-08-18,2.758
2022-08-21,2.71
2022-08-22,2.748
2022-08-23,2.756
2022-08-24,2.807
2022-08-25,2.732
2022-08-28,2.712
2022-08-29,2.695
2022-08-30,2.683
2022-08-31,2.632
2022-09-01,2.616
2022-09-04,2.611
2022-09-05,2.597
2022-09-06,2.623
2022-09-07,2.644
2022-09-08,2.699
2022-09-12,2.62
2022-09-13,2.646
2022-09-14,2.624
2022-09-15,2.595
2022-09-18,2.595
2022-09-19,2.585
2022-09-20,2.555
2022-09-21,2.51
2022-09-22,2.477
2022-09-25,2.48
2022-09-26,2.513
2022-09-27,2.543
2022-09-28,2.476
2022-09-29,2.458
2022-10-09,2.412
2022-10-10,2.376
2022-10-11,2.382
2022-10-12,2.398
2022-10-13,2.336
2022-10-16,2.395
2022-10-17,2.414
2022-10-18,2.397
2022-10-19,2.395
2022-10-20,2.425
2022-10-23,2.413
2022-10-24,2.476
2022-10-25,2.452
2022-10-26,2.451
2022-10-27,2.477
2022-10-30,2.452
2022-10-31,2.46
2022-11-01,2.405
2022-11-02,2.399
2022-11-03,2.405
2022-11-06,2.404
2022-11-07,2.408
2022-11-08,2.348
2022-11-09,2.476
2022-11-10,2.539
2022-11-13,2.495
2022-11-14,2.537
2022-11-15,2.495
2022-11-16,2.492
2022-11-17,2.497
2022-11-20,2.462
2022-11-21,2.495
2022-11-22,2.509
2022-11-23,2.507
2022-11-24,2.492
2022-11-27,2.475
2022-11-28,2.488
2022-11-29,2.554
2022-11-30,2.552
2022-12-01,2.526
2022-12-04,2.501
2022-12-05,2.447
2022-12-06,2.442
2022-12-07,2.474
2022-12-08,2.466
2022-12-11,2.465
2022-12-12,2.492
2022-12-13,2.472
2022-12-14,2.41
2022-12-15,2.392
2022-12-18,2.364
2022-12-19,2.35
2022-12-20,2.373
2022-12-21,2.328
2022-12-22,2.318
2022-12-25,2.318
2022-12-26,2.268
2022-12-27,2.263
2022-12-28,2.306
2022-12-29,2.305
2022-12-30,2.305
2023-01-02,2.281
2023-01-03,2.314
2023-01-04,2.283
2023-01-05,2.303
2023-01-08,2.333
2023-01-09,2.33
2023-01-10,2.359
2023-01-11,2.386
2023-01-12,2.396
2023-01-15,2.388
2023-01-16,2.415
2023-01-17,2.402
2023-01-18,2.375
2023-01-19,2.44
2023-01-29,2.499
2023-01-30,2.53
2023-01-31,2.612
2023-02-01,2.667
2023-02-02,2.613
2023-02-05,2.593
2023-02-06,2.639
2023-02-07,2.616
2023-02-08,2.621
2023-02-09,2.577
2023-02-12,2.611
2023-02-13,2.653
2023-02-14,2.665
2023-02-15,2.618
2023-02-16,2.595
2023-02-19,2.6
2023-02-20,2.534
2023-02-21,2.55
2023-02-22,2.596
2023-02-23,2.544
2023-02-26,2.583
2023-02-27,2.585
2023-02-28,2.582
2023-03-01,2.577
2023-03-02,2.624
2023-03-05,2.602
2023-03-06,2.593
2023-03-07,2.613
2023-03-08,2.556
2023-03-09,2.522
2023-03-12,2.542
2023-03-13,2.577
2023-03-14,2.57
2023-03-15,2.645
2023-03-16,2.644
2023-03-19,2.605
2023-03-20,2.649
2023-03-21,2.621
2023-03-22,2.645
2023-03-23,2.611
2023-03-26,2.597
2023-03-27,2.593
2023-03-28,2.628
2023-03-29,2.65
2023-03-30,2.688
2023-04-02,2.67
2023-04-03,2.656
2023-04-05,2.625
2023-04-06,2.628
2023-04-09,2.63
2023-04-10,2.625
2023-04-11,2.606
2023-04-12,2.627
2023-04-13,2.616
2023-04-16,2.617
2023-04-17,2.624
2023-04-18,2.61
2023-04-19,2.585
2023-04-20,2.573
2023-04-23,2.554
2023-04-24,2.5
2023-04-25,2.544
2023-04-26,2.581
2023-04-27,2.592
2023-05-03,2.554
2023-05-04,2.592
2023-05-07,2.613
2023-05-08,2.613
2023-05-09,2.642
2023-05-10,2.647
2023-05-11,2.641
2023-05-14,2.68
2023-05-15,2.685
2023-05-16,2.735
2023-05-17,2.777
2023-05-18,2.776
2023-05-21,2.8
2023-05-22,2.775
2023-05-23,2.779
2023-05-24,2.883
2023-05-25,2.957
2023-05-28,2.948
2023-05-29,2.97
2023-05-30,2.935
2023-05-31,2.978
2023-06-01,2.994
2023-06-04,3.002
2023-06-05,3.021
2023-06-06,2.966
2023-06-07,3.005
2023-06-08,3.015
2023-06-11,3.064
2023-06-12,3.102
2023-06-13,3.13
2023-06-14,3.154
2023-06-15,3.131
2023-06-18,3.126
2023-06-19,3.139
2023-06-20,3.083
2023-06-25,3.04
2023-06-26,3.097
2023-06-27,3.105
2023-06-28,3.1
2023-06-29,3.142
2023-07-02,3.167
2023-07-03,3.163
2023-07-04,3.164
2023-07-05,3.134
2023-07-06,3.128
2023-07-09,3.129
2023-07-10,3.143
2023-07-11,3.165
2023-07-12,3.245
2023-07-13,3.227
2023-07-16,3.264
2023-07-17,3.281
2023-07-18,3.277
2023-07-19,3.173
2023-07-20,3.169
2023-07-23,3.176
2023-07-24,3.218
2023-07-25,3.2
2023-07-26,3.2
2023-07-27,3.275
2023-07-30,3.307
2023-07-31,3.3
2023-08-01,3.184
2023-08-02,3.21
2023-08-03,3.208
2023-08-06,3.216
2023-08-07,3.165
2023-08-08,3.123
2023-08-09,3.131
2023-08-10,3.088
2023-08-13,3.125
2023-08-14,3.099
2023-08-15,3.07
2023-08-16,3.051
2023-08-17,3.02
2023-08-20,3.089
2023-08-21,3.082
2023-08-22,3.126
2023-08-23,3.071
2023-08-24,3.085
2023-08-27,3.102
2023-08-28,3.199
2023-08-29,3.218
2023-08-30,3.234
2023-08-31,3.235
2023-09-03,3.244
2023-09-04,3.255
2023-09-05,3.243
2023-09-06,3.221
2023-09-07,3.224
2023-09-10,3.269
2023-09-11,3.217
2023-09-12,3.23
2023-09-13,3.243
2023-09-14,3.188
2023-09-17,3.171
2023-09-18,3.161
2023-09-19,3.109
2023-09-20,3.035
2023-09-21,3.044
2023-09-24,3.046
2023-09-25,3.008
2023-09-26,3.023
2023-09-27,3.051
2023-10-08,3.155
2023-10-09,3.183
2023-10-10,3.207
2023-10-11,3.196
2023-10-12,3.146
2023-10-15,3.172
2023-10-16,3.176
2023-10-17,3.124
2023-10-18,3.091
2023-10-19,3.038
2023-10-22,3.058
2023-10-23,3.094
2023-10-24,3.028
2023-10-25,2.985
2023-10-26,2.999
2023-10-29,3.019
2023-10-30,3.017
2023-10-31,3.07
2023-11-01,3.116
2023-11-02,3.174
2023-11-05,3.195
2023-11-06,3.224
2023-11-07,3.236
2023-11-08,3.214
2023-11-09,3.252
2023-11-12,3.26
2023-11-13,3.307
2023-11-14,3.319
2023-11-15,3.307
2023-11-16,3.311
2023-11-19,3.371
2023-11-20,3.346
2023-11-21,3.356
2023-11-22,3.357
2023-11-23,3.353
2023-11-26,3.357
2023-11-27,3.402
2023-11-28,3.403
2023-11-29,3.401
2023-11-30,3.413
2023-12-03,3.375
2023-12-04,3.386
2023-12-05,3.365
2023-12-06,3.411
2023-12-07,3.433
2023-12-10,3.428
2023-12-11,3.462
2023-12-12,3.485
2023-12-13,3.459
2023-12-14,3.474
2023-12-17,3.494
2023-12-18,3.522
2023-12-19,3.476
2023-12-20,3.521
2023-12-21,3.516
2023-12-24,3.517
2023-12-25,3.538
2023-12-26,3.566
2023-12-27,3.567
2023-12-28,3.538
2023-12-30,3.538
2024-01-01,3.476
2024-01-02,3.447
2024-01-03,3.447
2024-01-04,3.45
2024-01-07,3.513
2024-01-08,3.523
2024-01-09,3.555
2024-01-10,3.564
2024-01-11,3.549
2024-01-14,3.547
2024-01-15,3.561
2024-01-16,3.544
2024-01-17,3.567
2024-01-18,3.609
2024-01-21,3.609
2024-01-22,3.615
2024-01-23,3.644
2024-01-24,3.648
2024-01-25,3.626
2024-01-28,3.666
2024-01-29,3.638
2024-01-30,3.568
2024-01-31,3.606
2024-02-01,3.698
2024-02-04,3.693
2024-02-05,3.681
2024-02-06,3.745
2024-02-07,3.77
2024-02-18,3.819
2024-02-19,3.772
2024-02-20,3.69
2024-02-21,3.826
2024-02-22,3.818
2024-02-25,3.851
2024-02-26,3.867
2024-02-27,3.852
2024-02-28,3.907
2024-02-29,3.961
2024-03-03,3.993
2024-03-04,3.911
2024-03-05,3.964
2024-03-06,4.022
2024-03-07,3.98
2024-03-10,3.94
2024-03-11,4.019
2024-03-12,4.003
2024-03-13,3.975
2024-03-14,3.94
2024-03-17,3.962
2024-03-18,3.962
2024-03-19,4.017
2024-03-20,4.041
2024-03-21,4.046
2024-03-24,4.06
2024-03-25,4.04
2024-03-26,4.016
2024-03-27,4.008
2024-03-28,4.009
2024-03-31,4.009
2024-04-01,3.989
2024-04-02,4.003
2024-04-07,4.005
2024-04-08,3.99
2024-04-09,3.993
2024-04-10,4.029
2024-04-11,3.965
2024-04-14,3.895
2024-04-15,3.893
2024-04-16,3.848
2024-04-17,3.8401
2024-04-18,3.7577
2024-04-21,3.8044
2024-04-22,3.8671
2024-04-23,3.8546
2024-04-24,3.8129
2024-04-25,3.8974
2024-04-28,3.8767
2024-04-29,3.8159
2024-05-05,3.9556
2024-05-06,3.9376
2024-05-07,3.9337
2024-05-08,3.9397
2024-05-09,3.9483
2024-05-12,3.9566
2024-05-13,3.9778
2024-05-14,4.0568
2024-05-15,4.0359
2024-05-16,4.0501
2024-05-19,4.0886
2024-05-20,4.0844
2024-05-21,4.0659
2024-05-22,4.0672
2024-05-23,4.1075
2024-05-26,4.1144
2024-05-27,4.1233
2024-05-28,4.0981
2024-05-29,4.0137
2024-05-30,4.0063
2024-06-02,4.034
2024-06-03,4.0371
2024-06-04,4.1121
2024-06-05,4.112
2024-06-06,4.0967
2024-06-10,4.1285
2024-06-11,4.1832
2024-06-12,4.183
2024-06-13,4.1837
2024-06-16,4.2024
2024-06-17,4.2113
2024-06-18,4.2215
2024-06-19,4.1983
2024-06-20,4.1737
2024-06-23,4.1251
2024-06-24,4.185
2024-06-25,4.1862
2024-06-26,4.1875
2024-06-27,4.1629
2024-06-29,4.1624
2024-06-30,4.1896
2024-07-01,4.2129
2024-07-02,4.2529
2024-07-03,4.2581
2024-07-04,4.2882
2024-07-07,4.2741
2024-07-08,4.2748
2024-07-09,4.3141
2024-07-10,4.2496
2024-07-11,4.2753
2024-07-14,4.2737
2024-07-15,4.2594
2024-07-16,4.1267
2024-07-17,4.1075
2024-07-18,4.0985
2024-07-21,4.1493
2024-07-22,4.1391
2024-07-23,4.0103
2024-07-24,3.963
2024-07-25,4.0041
2024-07-28,3.9927
2024-07-29,3.9327
2024-07-30,4.0368
2024-07-31,3.9781
2024-08-01,3.8916
2024-08-04,3.7855
2024-08-05,3.8278
2024-08-06,3.7927
2024-08-07,3.9005
2024-08-08,3.9276
2024-08-11,3.9356
2024-08-12,4.0135
2024-08-13,4.016
2024-08-14,4.0875
2024-08-15,4.1046
2024-08-18,4.143
2024-08-19,4.1262
2024-08-20,4.1508
2024-08-21,4.0953
2024-08-22,4.1379
2024-08-25,4.0671
2024-08-26,4.0671
2024-08-27,4.0155
2024-08-28,4.0154
2024-08-29,4.047
2024-09-01,4.0373
2024-09-02,3.9378
2024-09-03,3.9041
2024-09-04,3.8847
2024-09-05,3.8051
2024-09-08,3.8385
2024-09-09,3.8656
2024-09-10,3.9344
2024-09-11,3.9724
2024-09-12,3.9792
2024-09-17,3.9578
2024-09-18,4.0493
2024-09-19,4.0302
2024-09-22,4.032
2024-09-23,4.0712
2024-09-24,4.0642
2024-09-25,4.1242
2024-09-26,4.1178
2024-09-29,4.1277
2024-10-07,4.2086
2024-10-08,4.2005
2024-10-09,4.2166
2024-10-10,4.2434
2024-10-13,4.255
2024-10-14,4.1711
2024-10-15,4.1811
2024-10-16,4.1819
2024-10-17,4.2261
2024-10-20,4.2175
2024-10-21,4.2367
2024-10-22,4.1745
2024-10-23,4.2096
2024-10-24,4.2245
2024-10-27,4.2523
2024-10-28,4.2864
2024-10-29,4.246
2024-10-30,4.1423
2024-10-31,4.1542
2024-11-03,4.152
2024-11-04,4.1898
2024-11-05,4.2504
2024-11-06,4.3611
2024-11-07,4.3271
2024-11-10,4.3559
2024-11-11,4.352
2024-11-12,4.3378
2024-11-13,4.3121
2024-11-14,4.2429
2024-11-17,4.2667
2024-11-18,4.3203
2024-11-19,4.3277
2024-11-20,4.2962
2024-11-21,4.2921
2024-11-24,4.2836
2024-11-25,4.2884
2024-11-26,4.2798
2024-11-27,4.273
2024-11-28,4.3025
2024-12-01,4.3447
2024-12-02,4.3819
2024-12-03,4.4435
2024-12-04,4.418
2024-12-05,4.4503
2024-12-08,4.4406
2024-12-09,4.4191
2024-12-10,4.4835
2024-12-11,4.4727
2024-12-12,4.4861
2024-12-15,4.5246
2024-12-16,4.5094
2024-12-17,4.3881
2024-12-18,4.3811
2024-12-19,4.4086
2024-12-22,4.445
2024-12-23,4.4928
2024-12-24,4.4915
2024-12-25,4.4806
2024-12-26,4.4365
2024-12-29,4.3972
2024-12-30,4.368
2025-01-01,4.3614
2025-01-02,4.4124
2025-01-05,4.4604
2025-01-06,4.398
2025-01-07,4.3916
2025-01-08,4.3877
2025-01-09,4.3491
2025-01-12,4.3174
2025-01-13,4.3179
2025-01-14,4.3864
2025-01-15,4.3857
2025-01-16,4.4285
2025-01-19,4.4331
2025-01-20,4.4611
2025-01-21,4.4894
2025-01-22,4.5058
2025-01-23,4.5024
2025-01-26,4.3897
2025-02-04,4.4524
2025-02-05,4.4702
2025-02-06,4.4389
2025-02-09,4.4764
2025-02-10,4.4659
2025-02-11,4.4745
2025-02-12,4.5115
2025-02-13,4.5328
2025-02-16,4.5374
2025-02-17,4.545
2025-02-18,4.5309
2025-02-19,4.4971
2025-02-20,4.4479
2025-02-23,4.4011
2025-02-24,4.3439
2025-02-25,4.3887
2025-02-26,4.2932
2025-02-27,4.3203
2025-03-02,4.251
2025-03-03,4.2327
2025-03-04,4.3003
2025-03-05,4.2346
2025-03-06,4.2365
2025-03-09,4.1031
2025-03-10,4.1129
2025-03-11,4.1546
2025-03-12,4.0931
2025-03-13,4.1867
2025-03-16,4.2013
2025-03-17,4.1665
2025-03-18,4.2048
2025-03-19,4.1825
2025-03-20,4.1821
2025-03-23,4.2536
2025-03-24,4.2548
2025-03-25,4.1855
2025-03-26,4.1658
2025-03-27,4.0921
2025-03-30,4.0843
2025-03-31,4.1196
2025-04-01,4.1359
2025-04-02,3.9651
2025-04-06,3.7154
2025-04-07,3.6934
2025-04-08,3.9583
2025-04-09,3.8696
2025-04-10,3.9229
2025-04-13,3.9574
2025-04-14,3.9663
2025-04-15,3.8856
2025-04-16,3.8878
2025-04-17,3.8856
2025-04-20,3.8214
2025-04-21,3.8894
2025-04-22,3.9735
2025-04-23,4.0456
2025-04-24,4.0845
2025-04-27,4.0843
2025-04-28,4.1133
2025-04-29,4.1144
2025-05-05,4.1993
2025-05-06,4.2061
2025-05-07,4.2319
2025-05-08,4.2271
2025-05-11,4.3415
2025-05-12,4.3814
2025-05-13,4.4073
2025-05-14,4.4079
2025-05-15,4.4254
2025-05-18,4.4336
2025-05-19,4.4374
2025-05-20,4.4
2025-05-21,4.3961
2025-05-22,4.3693
2025-05-25,4.3701
2025-05-26,4.4369
2025-05-27,4.4024
2025-05-28,4.4061
2025-05-29,4.4067
2025-06-02,4.4676
2025-06-03,4.4843
2025-06-04,4.4595
2025-06-05,4.4876
2025-06-08,4.4992
2025-06-09,4.5007
2025-06-10,4.5093
2025-06-11,4.5176
2025-06-12,4.4825
2025-06-15,4.5202
2025-06-16,4.4864
2025-06-17,4.4898
2025-06-18,4.4735
2025-06-19,4.4684
2025-06-22,4.4947
2025-06-23,4.5495
2025-06-24,4.5516
2025-06-25,4.5962
2025-06-26,4.6238
2025-06-29,4.6489
2025-06-30,4.5962
2025-07-01,4.6164
2025-07-02,4.6544
2025-07-03,4.6576
2025-07-06,4.6447
2025-07-07,4.641
2025-07-08,4.6741
2025-07-09,4.6709
2025-07-10,4.6513
2025-07-13,4.6716
2025-07-14,4.6796
2025-07-15,4.6895
2025-07-16,4.7046
2025-07-17,4.7176
2025-07-20,4.7132
2025-07-21,4.6765
2025-07-22,4.7044
2025-07-23,4.7035
2025-07-24,4.7102
2025-07-27,4.7213
2025-07-28,4.74
2025-07-29,4.7398
2025-07-30,4.7344
2025-07-31,4.6424
2025-08-03,4.7155
2025-08-04,4.6883
2025-08-05,4.7429
2025-08-06,4.7635
2025-08-07,4.7951
2025-08-10,4.7763
2025-08-11,4.8206
2025-08-12,4.8098
2025-08-13,4.8109
2025-08-14,4.8113
2025-08-17,4.8298
2025-08-18,4.7461
2025-08-19,4.7325
2025-08-20,4.7209
2025-08-21,4.781
2025-08-24,4.7637
2025-08-25,4.7801
2025-08-26,4.775
2025-08-27,4.825
2025-08-28,4.78
2025-08-31,4.7834
2025-09-01,4.7292
2025-09-02,4.7653
2025-09-03,4.7737
2025-09-04,4.7835
2025-09-07,4.832
2025-09-08,4.8729
2025-09-09,4.8717
2025-09-10,4.9057
2025-09-11,4.9187
2025-09-14,4.9553
2025-09-15,4.9584
2025-09-16,4.9689
2025-09-17,5.0139
2025-09-18,5.0395
2025-09-21,5.064
2025-09-22,5.0166
2025-09-23,5.0016
2025-09-24,4.9819
2025-09-25,4.9917
2025-09-28,5.0314
2025-09-29,5.0623
2025-10-08,5.1783
2025-10-09,4.9864
2025-10-12,5.091
2025-10-13,5.0098
2025-10-14,5.0631
2025-10-15,5.0643
2025-10-16,5.034
2025-10-19,5.0725
2025-10-20,5.0413
2025-10-21,4.9912
2025-10-22,5.0636
2025-10-23,5.1884
2025-10-26,5.2688
2025-10-27,5.2622
2025-10-28,5.353
2025-10-29,5.2583
2025-10-30,5.2978
2025-11-02,5.3141
2025-11-03,5.1866
2025-11-04,5.2713
2025-11-05,5.1815
2025-11-06,5.2008
2025-11-09,5.3362
2025-11-10,5.2825
2025-11-11,5.2904
2025-11-12,5.1418
2025-11-13,5.1085
2025-11-16,5.0998
2025-11-17,5.0111
2025-11-18,5.0563
2025-11-19,4.9014
2025-11-20,4.8825
2025-11-23,5.0309
2025-11-24,5.0481
2025-11-25,5.0854
2025-11-26,5.1022
2025-11-27,5.1432
2025-11-30,5.1053
2025-12-01,5.0999
2025-12-02,5.0958
2025-12-03,5.1472
2025-12-04,5.1711
2025-12-07,5.1983
2025-12-08,5.1976
2025-12-09,5.2105
2025-12-10,5.1993
2025-12-11,5.068
2025-12-14,5.0173
2025-12-15,4.9949
2025-12-16,4.9366
2025-12-17,4.9983
2025-12-18,5.0807
2025-12-21,5.144
2025-12-22,5.1603
2025-12-23,5.1806
2025-12-24,5.1766
2025-12-25,5.1744
2025-12-28,5.1377
2025-12-29,5.1323
2025-12-30,5.0911
2026-01-04,5.1727
2026-01-05,5.2596
2026-01-06,5.2853
2026-01-07,5.2415
2026-01-08,5.315
2026-01-11,5.369
2026-01-12,5.3559
2026-01-13,5.332
2026-01-14,5.3753
2026-01-15,5.4109
2026-01-18,5.3996
2026-01-19,5.3138
2026-01-20,5.3996
2026-01-21,5.4245
2026-01-22,5.3988
2026-01-25,5.3971
2026-01-26,5.4902
2026-01-27,5.5545
2026-01-28,5.5233
2026-01-29,5.4766
2026-02-01,5.4651
2026-02-02,5.4578
2026-02-03,5.3133
2026-02-04,5.2578
2026-02-05,5.3567
2026-02-08,5.4451
2026-02-09,5.4454
2026-02-10,5.4752
2026-02-11,5.4772
2026-02-12,5.4933
2026-02-23,5.6779
2026-02-24,5.7027
2026-02-25,5.6176
2026-02-26,5.5788
2026-03-01,5.5827
2026-03-02,5.4237
2026-03-03,5.4575
2026-03-04,5.4394
2026-03-05,5.3357
2026-03-08,5.4111
2026-03-09,5.4985
2026-03-10,5.5325
2026-03-11,5.4189
2026-03-12,5.4076
2026-03-15,5.5076
2026-03-16,5.5031
2026-03-17,5.549
2026-03-18,5.5086
2026-03-19,5.3904
2026-03-22,5.3718
2026-03-23,5.4138
2026-03-24,5.4843
2026-03-25,5.2994
2026-03-26,5.2421
2026-03-29,5.181
2026-03-30,5.265
2026-03-31,5.4767
2026-04-01,5.3962
2026-04-02,5.4183
2026-04-06,5.4558
2026-04-07,5.7333
2026-04-08,5.8269
2026-04-09,5.8851
2026-04-12,5.9523
2026-04-13,6.0541
2026-04-14,5.9987
2026-04-15,6.052
2026-04-16,6.0991
2026-04-19,6.1255
2026-04-20,6.1002
2026-04-21,6.2378
2026-04-22,6.1865
2026-04-23,6.2206
2026-04-26,6.2376
2026-04-27,6.1084
2026-04-28,6.1268
2026-04-29,6.2285
2026-05-05,6.5457
2026-05-06,6.5612
2026-05-07,6.6991
2026-05-10,6.8033
2026-05-11,6.726
2026-05-12,6.9577
2026-05-13,6.8944
2026-05-14,6.7194
2026-05-17,6.6915
2026-05-18,6.6245
2026-05-19,6.7559
2026-05-20,6.8229
2026-05-21,6.9792
2026-05-24,7.0605
2026-05-25,7.197
2026-05-26,7.1972
2026-05-27,7.267
2026-05-28,7.2704
2026-05-31,7.2737
2026-06-01,7.3481
2026-06-02,7.4013
2026-06-03,7.3099
2026-06-04,6.9438
2026-06-07,6.983
2026-06-08,6.9685
2026-06-09,6.781
2026-06-10,7.0409
2026-06-11,7.1299
2026-06-14,7.5069
2026-06-15,7.4074
2026-06-16,7.5328
