季度,截止日期,披露类型,序号,股票代码,股票名称,占净值比例%,持股数_万股,持仓市值_万元人民币
2021Q1,2021-03-31,前十,1,00883,中国海洋石油,5.65,4161.2,28592.91
2021Q1,2021-03-31,前十,2,SE,Sea Ltd ADR,3.91,13.5,19803.3
2021Q1,2021-03-31,前十,3,VNET,世纪互联,3.77,90.0,19102.77
2021Q1,2021-03-31,前十,4,BILI,哔哩哔哩,3.75,27.0,18995.13
2021Q1,2021-03-31,前十,5,09988,阿里巴巴-SW,3.67,100.0,18593.96
2021Q1,2021-03-31,前十,6,00700,腾讯控股,3.36,33.0,17013.47
2021Q1,2021-03-31,前十,7,WOLF,Wolfspeed Inc,3.16,22.5,15987.48
2021Q1,2021-03-31,前十,8,TSM,台积电,3.11,20.25,15739.38
2021Q1,2021-03-31,前十,9,01209,华润万象生活,3.09,400.0,15652.73
2021Q1,2021-03-31,前十,10,00522,ASMPT,2.98,180.0,15068.71
2021Q2,2021-06-30,全量,1,RBLX,Roblox Corp-A,9.88,83.78,48696.77
2021Q2,2021-06-30,全量,2,00700,腾讯控股,7.88,79.93,38840.76
2021Q2,2021-06-30,全量,3,00883,中国海洋石油,6.20,4161.2,30573.44
2021Q2,2021-06-30,全量,4,SE,Sea Ltd ADR,4.86,13.5,23948.24
2021Q2,2021-06-30,全量,5,NVDA,英伟达,4.64,4.43,22871.61
2021Q2,2021-06-30,全量,6,LULU,lululemon athletica inc,4.57,9.56,22546.15
2021Q2,2021-06-30,全量,7,PDD,拼多多,4.31,25.86,21221.54
2021Q2,2021-06-30,全量,8,BEAM,Beam Therapeutics Inc,3.66,21.7,18041.44
2021Q2,2021-06-30,全量,9,BILI,哔哩哔哩,3.51,22.0,17316.17
2021Q2,2021-06-30,全量,10,09939,开拓药业-B,3.48,326.95,17139.06
2021Q2,2021-06-30,全量,11,TSM,台积电,3.19,20.25,15718.97
2021Q2,2021-06-30,全量,12,AMAT,应用材料,2.74,14.7,13522.8
2021Q2,2021-06-30,全量,13,01024,快手-W,2.60,79.17,12832.6
2021Q2,2021-06-30,全量,14,00354,中国软件国际,2.58,1080.0,12724.83
2021Q2,2021-06-30,全量,15,SQ,Block Inc-A,2.57,8.06,12686.56
2021Q2,2021-06-30,全量,16,LRCX,拉姆研究,2.51,2.94,12358.55
2021Q2,2021-06-30,全量,17,META,Meta Platforms Inc-A,2.32,5.1,11458.75
2021Q2,2021-06-30,全量,18,02382,舜宇光学科技,2.24,54.0,11026.39
2021Q2,2021-06-30,全量,19,03690,美团-W,2.08,38.45,10250.71
2021Q2,2021-06-30,全量,20,09618,京东集团-SW,2.06,40.0,10164.69
2021Q2,2021-06-30,全量,21,WOLF,Wolfspeed Inc,1.98,15.39,9738.19
2021Q2,2021-06-30,全量,22,FUTU,富途控股,1.95,8.31,9617.06
2021Q2,2021-06-30,全量,23,06855,亚盛医药-B,1.53,192.61,7532.55
2021Q2,2021-06-30,全量,24,NOW,现在服务公司,1.22,1.69,5999.75
2021Q2,2021-06-30,全量,25,06865,福莱特玻璃,1.08,200.0,5325.31
2021Q2,2021-06-30,全量,26,MRNA,Moderna Inc,1.00,3.26,4946.69
2021Q2,2021-06-30,全量,27,02150,奈雪的茶,0.94,350.0,4657.17
2021Q2,2021-06-30,全量,28,03718,北控城市资源,0.86,5100.0,4243.61
2021Q2,2021-06-30,全量,29,KLIC,库力索法工业,0.80,10.0,3953.58
2021Q2,2021-06-30,全量,30,01209,华润万象生活,0.79,87.98,3890.92
2021Q2,2021-06-30,全量,31,02600,中国铝业,0.70,900.0,3467.28
2021Q2,2021-06-30,全量,32,09888,百度集团-SW,0.69,20.5,3401.29
2021Q2,2021-06-30,全量,33,06969,思摩尔国际,0.58,79.8,2858.52
2021Q2,2021-06-30,全量,34,02357,中航科工,0.56,648.5,2773.56
2021Q2,2021-06-30,全量,35,02171,科济药业-B,0.55,120.0,2734.91
2021Q2,2021-06-30,全量,36,06601,朝云集团,0.15,110.4,755.1
2021Q2,2021-06-30,全量,37,02163,远大住工,0.06,20.28,275.73
2021Q2,2021-06-30,全量,38,06622,兆科眼科-B,0.01,4.7,45.99
2021Q3,2021-09-30,前十,1,RBLX,Roblox Corp-A,9.48,75.85,37162.86
2021Q3,2021-09-30,前十,2,TSLA,特斯拉,9.44,7.36,37006.08
2021Q3,2021-09-30,前十,3,00700,腾讯控股,7.84,79.93,30723.0
2021Q3,2021-09-30,前十,4,SE,Sea Ltd ADR,7.65,14.5,29968.07
2021Q3,2021-09-30,前十,5,03690,美团-W,6.41,122.35,25134.68
2021Q3,2021-09-30,前十,6,NVDA,英伟达,6.07,17.7,23780.22
2021Q3,2021-09-30,前十,7,LULU,lululemon athletica inc,5.34,7.97,20918.65
2021Q3,2021-09-30,前十,8,MRNA,Moderna Inc,5.15,8.08,20176.43
2021Q3,2021-09-30,前十,9,SQ,Block Inc-A,4.86,12.24,19044.88
2021Q3,2021-09-30,前十,10,BEAM,Beam Therapeutics Inc,4.65,32.29,18221.58
2021Q4,2021-12-31,全量,1,03690,美团-W,10.11,201.38,37111.72
2021Q4,2021-12-31,全量,2,NVDA,英伟达,9.45,18.5,34688.91
2021Q4,2021-12-31,全量,3,TSLA,特斯拉,9.17,5.0,33675.09
2021Q4,2021-12-31,全量,4,00700,腾讯控股,7.86,77.3,28869.98
2021Q4,2021-12-31,全量,5,RBLX,Roblox Corp-A,5.71,31.89,20972.23
2021Q4,2021-12-31,全量,6,LULU,lululemon athletica inc,5.24,7.71,19237.13
2021Q4,2021-12-31,全量,7,TSM,台积电,4.97,23.79,18247.14
2021Q4,2021-12-31,全量,8,BEAM,Beam Therapeutics Inc,4.32,31.23,15866.76
2021Q4,2021-12-31,全量,9,NOW,现在服务公司,4.13,3.67,15170.2
2021Q4,2021-12-31,全量,10,AMD,超威半导体,4.01,16.04,14718.95
2021Q4,2021-12-31,全量,11,U,Unity Software Inc,3.94,15.87,14466.42
2021Q4,2021-12-31,全量,12,XPEV,小鹏汽车,2.89,33.05,10603.84
2021Q4,2021-12-31,全量,13,MRNA,Moderna Inc,2.25,5.09,8246.77
2021Q4,2021-12-31,全量,14,COIN,Coinbase Global Inc-A,2.08,4.74,7629.72
2021Q4,2021-12-31,全量,15,SE,Sea Ltd ADR,1.64,4.23,6037.28
2021Q4,2021-12-31,全量,16,02380,中国电力,1.26,1081.9,4643.95
2021Q4,2021-12-31,全量,17,SQ,Block Inc-A,1.24,4.41,4536.62
2021Q4,2021-12-31,全量,18,00354,中国软件国际,1.06,469.8,3902.54
2021Q4,2021-12-31,全量,19,09868,小鹏汽车-W,1.06,25.58,3896.32
2021Q4,2021-12-31,全量,20,02171,科济药业-B,0.88,143.25,3220.83
2021Q4,2021-12-31,全量,21,02015,理想汽车-W,0.70,25.58,2566.17
2021Q4,2021-12-31,全量,22,02150,奈雪的茶,0.67,350.0,2449.53
2021Q4,2021-12-31,全量,23,06865,福莱特玻璃,0.61,68.8,2227.53
2021Q4,2021-12-31,全量,24,06855,亚盛医药-B,0.55,87.75,2023.19
2021Q4,2021-12-31,全量,25,01801,信达生物,0.32,29.4,1159.81
2021Q4,2021-12-31,全量,26,02273,固生堂,0.31,33.54,1121.57
2021Q4,2021-12-31,全量,27,02251,鹰瞳科技-B,0.25,31.58,914.6
2021Q4,2021-12-31,全量,28,03718,北控城市资源,0.23,1964.4,851.23
2021Q4,2021-12-31,全量,29,01119,创梦天地,0.21,153.52,784.49
2021Q4,2021-12-31,全量,30,02279,雍禾医疗,0.00,0.45,5.86
2022Q1,2022-03-31,前十,1,TSLA,特斯拉,10.24,3.82,26129.2
2022Q1,2022-03-31,前十,2,NVDA,英伟达,9.42,13.89,24057.59
2022Q1,2022-03-31,前十,3,TSM,台积电,5.63,21.71,14369.65
2022Q1,2022-03-31,前十,4,MSFT,微软,5.35,6.97,13647.26
2022Q1,2022-03-31,前十,5,NOW,现在服务公司,4.42,3.19,11275.32
2022Q1,2022-03-31,前十,6,BEAM,Beam Therapeutics Inc,4.06,28.5,10367.51
2022Q1,2022-03-31,前十,7,MRNA,Moderna Inc,3.76,8.78,9596.48
2022Q1,2022-03-31,前十,8,AAPL,苹果,3.58,8.25,9140.47
2022Q1,2022-03-31,前十,9,GOOG,谷歌-C,3.50,0.5,8937.92
2022Q1,2022-03-31,前十,10,AMZN,亚马逊,3.41,0.42,8714.59
2022Q2,2022-06-30,全量,1,TSLA,特斯拉,7.60,3.71,16754.58
2022Q2,2022-06-30,全量,2,NVDA,英伟达,6.41,13.89,14130.1
2022Q2,2022-06-30,全量,3,MSFT,微软,5.45,6.97,12018.94
2022Q2,2022-06-30,全量,4,OXY,西方石油,5.42,30.25,11955.71
2022Q2,2022-06-30,全量,5,TSM,台积电,5.40,21.71,11911.84
2022Q2,2022-06-30,全量,6,NOW,现在服务公司,4.62,3.19,10178.67
2022Q2,2022-06-30,全量,7,MRNA,Moderna Inc,3.82,8.78,8413.37
2022Q2,2022-06-30,全量,8,AAPL,苹果,3.43,8.25,7566.48
2022Q2,2022-06-30,全量,9,GOOG,谷歌-C,3.36,0.5,7400.62
2022Q2,2022-06-30,全量,10,ASML,阿斯麦,3.10,2.14,6823.28
2022Q2,2022-06-30,全量,11,BEAM,Beam Therapeutics Inc,2.91,24.67,6409.9
2022Q2,2022-06-30,全量,12,AMZN,亚马逊,2.72,8.42,6003.35
2022Q2,2022-06-30,全量,13,XPEV,小鹏汽车,2.15,22.26,4741.99
2022Q2,2022-06-30,全量,14,SNOW,Snowflake Inc-A,2.10,4.95,4622.01
2022Q2,2022-06-30,全量,15,RBLX,Roblox Corp-A,2.04,20.36,4490.08
2022Q2,2022-06-30,全量,16,MAR,万豪国际,1.37,3.32,3030.74
2022Q2,2022-06-30,全量,17,02015,理想汽车-W,1.04,17.54,2293.5
2022Q2,2022-06-30,全量,18,U,Unity Software Inc,1.03,9.15,2260.05
2022Q2,2022-06-30,全量,19,00354,中国软件国际,0.98,315.0,2163.16
2022Q2,2022-06-30,全量,20,PANW,派拓网络,0.95,0.63,2087.47
2022Q2,2022-06-30,全量,21,AMD,超威半导体,0.88,3.78,1938.54
2022Q2,2022-06-30,全量,22,SE,Sea Ltd ADR,0.79,3.86,1733.51
2022Q2,2022-06-30,全量,23,02150,奈雪的茶,0.75,291.9,1660.04
2022Q2,2022-06-30,全量,24,02171,科济药业-B,0.74,130.75,1634.75
2022Q2,2022-06-30,全量,25,WDAY,Workday Inc-A,0.73,1.71,1606.2
2022Q2,2022-06-30,全量,26,MOS,美盛,0.70,4.86,1540.3
2022Q2,2022-06-30,全量,27,09868,小鹏汽车-W,0.57,11.57,1250.67
2022Q2,2022-06-30,全量,28,COIN,Coinbase Global Inc-A,0.41,2.89,911.65
2022Q2,2022-06-30,全量,29,02273,固生堂,0.39,25.53,851.49
2022Q2,2022-06-30,全量,30,01119,创梦天地,0.38,171.08,848.57
2022Q2,2022-06-30,全量,31,DDOG,Datadog Inc-A,0.34,1.16,743.19
2022Q2,2022-06-30,全量,32,06865,福莱特玻璃,0.33,31.1,734.06
2022Q2,2022-06-30,全量,33,NET,Cloudflare Inc-A,0.22,1.63,479.4
2022Q2,2022-06-30,全量,34,02251,鹰瞳科技-B,0.21,31.58,453.72
2022Q3,2022-09-30,前十,1,TSLA,特斯拉,8.89,10.33,19454.06
2022Q3,2022-09-30,前十,2,NVDA,英伟达,6.99,17.73,15283.61
2022Q3,2022-09-30,前十,3,ASML,阿斯麦,5.92,4.39,12958.06
2022Q3,2022-09-30,前十,4,MSFT,微软,5.27,6.97,11529.83
2022Q3,2022-09-30,前十,5,TSM,台积电,4.83,21.71,10568.05
2022Q3,2022-09-30,前十,6,OXY,西方石油,4.64,23.25,10145.41
2022Q3,2022-09-30,前十,7,BEAM,Beam Therapeutics Inc,4.17,26.97,9121.34
2022Q3,2022-09-30,前十,8,NOW,现在服务公司,4.08,3.33,8931.34
2022Q3,2022-09-30,前十,9,DDOG,Datadog Inc-A,4.08,14.16,8924.52
2022Q3,2022-09-30,前十,10,AAPL,苹果,3.70,8.25,8091.01
2022Q4,2022-12-31,全量,1,NVDA,英伟达,7.75,15.57,15850.61
2022Q4,2022-12-31,全量,2,TSLA,特斯拉,7.17,17.09,14658.76
2022Q4,2022-12-31,全量,3,ASML,阿斯麦,7.06,3.79,14435.24
2022Q4,2022-12-31,全量,4,NOW,现在服务公司,6.97,5.27,14243.0
2022Q4,2022-12-31,全量,5,PDD,拼多多,6.48,23.32,13245.92
2022Q4,2022-12-31,全量,6,AMD,超威半导体,6.10,27.64,12467.2
2022Q4,2022-12-31,全量,7,MSFT,微软,5.70,6.97,11646.32
2022Q4,2022-12-31,全量,8,TSM,台积电,5.51,21.71,11263.46
2022Q4,2022-12-31,全量,9,OXY,西方石油,4.99,23.25,10201.62
2022Q4,2022-12-31,全量,10,BEAM,Beam Therapeutics Inc,3.59,26.97,7345.56
2022Q4,2022-12-31,全量,11,AMZN,亚马逊,2.96,10.35,6057.3
2022Q4,2022-12-31,全量,12,MRNA,Moderna Inc,2.59,4.23,5291.78
2022Q4,2022-12-31,全量,13,PANW,派拓网络,1.83,3.84,3734.69
2022Q4,2022-12-31,全量,14,DDOG,Datadog Inc-A,1.53,6.13,3138.19
2022Q4,2022-12-31,全量,15,CRWD,CrowdStrike Holdings Inc-A,1.32,3.67,2694.08
2022Q4,2022-12-31,全量,16,RBLX,Roblox Corp-A,1.02,10.57,2095.4
2022Q4,2022-12-31,全量,17,ARRY,Array Technologies Inc,1.00,15.23,2050.17
2022Q4,2022-12-31,全量,18,02150,奈雪的茶,0.96,291.9,1963.41
2022Q4,2022-12-31,全量,19,00354,中国软件国际,0.93,315.0,1910.57
2022Q4,2022-12-31,全量,20,GOOG,谷歌-C,0.89,2.95,1824.43
2022Q4,2022-12-31,全量,21,02171,科济药业-B,0.86,130.75,1749.59
2022Q4,2022-12-31,全量,22,MDB,MongoDB Inc-A,0.74,1.1,1513.76
2022Q4,2022-12-31,全量,23,09863,零跑汽车,0.70,60.02,1439.17
2022Q4,2022-12-31,全量,24,U,Unity Software Inc,0.65,6.69,1331.52
2022Q4,2022-12-31,全量,25,02273,固生堂,0.56,25.53,1151.66
2022Q4,2022-12-31,全量,26,SNOW,Snowflake Inc-A,0.53,1.09,1085.67
2022Q4,2022-12-31,全量,27,SE,Sea Ltd ADR,0.42,2.36,856.35
2022Q4,2022-12-31,全量,28,COIN,Coinbase Global Inc-A,0.35,2.89,712.05
2022Q4,2022-12-31,全量,29,01119,创梦天地,0.29,171.08,591.42
2022Q4,2022-12-31,全量,30,06865,福莱特玻璃,0.26,31.1,524.5
2022Q4,2022-12-31,全量,31,03931,中创新航,0.24,30.39,490.81
2022Q4,2022-12-31,全量,32,02420,子不语,0.24,101.85,486.52
2022Q4,2022-12-31,全量,33,02251,鹰瞳科技-B,0.20,31.58,399.45
2022Q4,2022-12-31,全量,34,01030,新城发展,0.19,148.6,383.62
2022Q4,2022-12-31,全量,35,09985,卫龙美味,0.05,11.86,111.87
2023Q1,2023-03-31,前十,1,MSFT,微软,9.61,12.42,24613.72
2023Q1,2023-03-31,前十,2,NVDA,英伟达,9.39,12.6,24047.6
2023Q1,2023-03-31,前十,3,AMD,超威半导体,7.85,29.82,20085.79
2023Q1,2023-03-31,前十,4,TSLA,特斯拉,7.01,12.59,17944.49
2023Q1,2023-03-31,前十,5,ASML,阿斯麦,6.93,3.79,17743.67
2023Q1,2023-03-31,前十,6,NOW,现在服务公司,6.57,5.27,16820.04
2023Q1,2023-03-31,前十,7,TSM,台积电,6.40,25.64,16387.76
2023Q1,2023-03-31,前十,8,META,Meta Platforms Inc-A,5.07,8.91,12969.28
2023Q1,2023-03-31,前十,9,PDD,拼多多,4.75,23.32,12163.77
2023Q1,2023-03-31,前十,10,CRWD,CrowdStrike Holdings Inc-A,3.60,9.78,9228.55
2023Q2,2023-06-30,全量,1,NVDA,英伟达,9.80,10.19,31155.29
2023Q2,2023-06-30,全量,2,MSFT,微软,9.29,12.0,29535.72
2023Q2,2023-06-30,全量,3,TSLA,特斯拉,9.23,15.52,29359.45
2023Q2,2023-06-30,全量,4,NOW,现在服务公司,7.03,5.51,22358.12
2023Q2,2023-06-30,全量,5,GOOG,谷歌-C,6.93,25.21,22038.64
2023Q2,2023-06-30,全量,6,AMD,超威半导体,6.09,23.54,19371.77
2023Q2,2023-06-30,全量,7,META,Meta Platforms Inc-A,5.81,8.91,18466.15
2023Q2,2023-06-30,全量,8,ADBE,奥多比,4.92,4.43,15642.11
2023Q2,2023-06-30,全量,9,PANW,派拓网络,4.45,7.67,14155.49
2023Q2,2023-06-30,全量,10,MDB,MongoDB Inc-A,4.12,4.41,13088.2
2023Q2,2023-06-30,全量,11,PDD,拼多多,3.66,23.32,11651.38
2023Q2,2023-06-30,全量,12,CRWD,CrowdStrike Holdings Inc-A,3.26,9.78,10383.51
2023Q2,2023-06-30,全量,13,AMZN,亚马逊,2.94,9.92,9342.88
2023Q2,2023-06-30,全量,14,TSM,台积电,2.61,11.38,8299.49
2023Q2,2023-06-30,全量,15,BEAM,Beam Therapeutics Inc,1.96,26.97,6221.94
2023Q2,2023-06-30,全量,16,DDOG,Datadog Inc-A,1.91,8.52,6059.14
2023Q2,2023-06-30,全量,17,COIN,Coinbase Global Inc-A,1.61,9.88,5108.9
2023Q2,2023-06-30,全量,18,RBLX,Roblox Corp-A,1.55,16.97,4940.32
2023Q2,2023-06-30,全量,19,U,Unity Software Inc,0.66,6.69,2098.04
2023Q2,2023-06-30,全量,20,ORCL,甲骨文,0.51,1.88,1621.65
2023Q2,2023-06-30,全量,21,ARRY,Array Technologies Inc,0.47,9.14,1492.08
2023Q2,2023-06-30,全量,22,MRVL,迈威尔科技,0.43,3.15,1362.7
2023Q2,2023-06-30,全量,23,02420,子不语,0.10,101.85,308.94
2023Q3,2023-09-30,前十,1,NVDA,英伟达,9.06,9.69,30252.93
2023Q3,2023-09-30,前十,2,GOOG,谷歌-C,8.16,28.81,27272.14
2023Q3,2023-09-30,前十,3,MSFT,微软,8.15,12.0,27211.29
2023Q3,2023-09-30,前十,4,TSLA,特斯拉,7.87,14.63,26291.31
2023Q3,2023-09-30,前十,5,PDD,拼多多,7.49,35.52,25009.04
2023Q3,2023-09-30,前十,6,ADBE,奥多比,6.80,6.21,22722.97
2023Q3,2023-09-30,前十,7,NOW,现在服务公司,6.62,5.51,22096.79
2023Q3,2023-09-30,前十,8,META,Meta Platforms Inc-A,5.75,8.91,19194.48
2023Q3,2023-09-30,前十,9,AMD,超威半导体,5.20,23.54,17374.47
2023Q3,2023-09-30,前十,10,AMZN,亚马逊,4.76,17.42,15896.89
2023Q4,2023-12-31,全量,1,GOOG,谷歌-C,7.72,33.14,33083.08
2023Q4,2023-12-31,全量,2,NVDA,英伟达,7.52,9.18,32200.2
2023Q4,2023-12-31,全量,3,MSFT,微软,7.46,12.0,31968.8
2023Q4,2023-12-31,全量,4,META,Meta Platforms Inc-A,7.12,12.16,30484.03
2023Q4,2023-12-31,全量,5,NOW,现在服务公司,6.43,5.51,27551.24
2023Q4,2023-12-31,全量,6,AMD,超威半导体,5.74,23.54,24572.39
2023Q4,2023-12-31,全量,7,ADBE,奥多比,5.24,5.31,22439.72
2023Q4,2023-12-31,全量,8,PDD,拼多多,4.90,20.25,20981.36
2023Q4,2023-12-31,全量,9,CRM,赛富时,4.74,10.91,20325.59
2023Q4,2023-12-31,全量,10,INTC,英特尔,4.37,52.59,18718.36
2023Q4,2023-12-31,全量,11,TSLA,特斯拉,4.20,10.23,18010.91
2023Q4,2023-12-31,全量,12,PANW,派拓网络,3.74,7.67,16013.1
2023Q4,2023-12-31,全量,13,CRWD,CrowdStrike Holdings Inc-A,2.74,6.5,11750.87
2023Q4,2023-12-31,全量,14,MU,美光科技,2.72,19.29,11662.14
2023Q4,2023-12-31,全量,15,CELH,燃力士控股,2.67,29.64,11444.76
2023Q4,2023-12-31,全量,16,ASML,阿斯麦,1.89,1.51,8083.91
2023Q4,2023-12-31,全量,17,COIN,Coinbase Global Inc-A,1.31,4.55,5604.55
2023Q4,2023-12-31,全量,19,SNPS,新思科技,0.94,1.11,4032.44
2023Q4,2023-12-31,全量,20,MSTR,MicroStrategy Inc-A,0.93,0.89,3989.09
2023Q4,2023-12-31,全量,21,BEAM,Beam Therapeutics Inc,0.90,20.03,3860.74
2023Q4,2023-12-31,全量,22,RBLX,Roblox Corp-A,0.76,10.1,3271.82
2023Q4,2023-12-31,全量,23,SQ,Block Inc-A,0.57,4.42,2422.41
2023Q4,2023-12-31,全量,24,U,Unity Software Inc,0.23,3.35,971.62
2023Q4,2023-12-31,全量,25,02420,子不语,0.12,101.85,502.1
2023Q4,2023-12-31,全量,26,09690,途虎-W,0.02,3.99,101.6
2024Q1,2024-03-31,前十,1,NVDA,英伟达,8.12,10.36,66403.27
2024Q1,2024-03-31,前十,2,NOW,现在服务公司,5.82,8.8,47593.63
2024Q1,2024-03-31,前十,3,META,Meta Platforms Inc-A,5.71,13.56,46715.4
2024Q1,2024-03-31,前十,4,MSFT,微软,5.29,14.5,43287.1
2024Q1,2024-03-31,前十,5,GOOG,谷歌-C,4.08,30.92,33406.83
2024Q1,2024-03-31,前十,6,AMZN,亚马逊,3.46,22.09,28272.1
2024Q1,2024-03-31,前十,7,SNPS,新思科技,3.13,6.31,25600.34
2024Q1,2024-03-31,前十,8,LLY,礼来,3.06,4.53,25017.15
2024Q1,2024-03-31,前十,9,CRM,赛富时,3.05,11.67,24943.07
2024Q2,2024-06-30,全量,1,NVDA,英伟达,9.06,83.83,73808.75
2024Q2,2024-06-30,全量,2,NOW,现在服务公司,6.61,9.6,53838.08
2024Q2,2024-06-30,全量,3,META,Meta Platforms Inc-A,6.43,14.56,52328.18
2024Q2,2024-06-30,全量,4,AAPL,苹果,5.75,31.18,46809.09
2024Q2,2024-06-30,全量,5,MSFT,微软,5.67,14.5,46191.97
2024Q2,2024-06-30,全量,6,GOOG,谷歌-C,4.96,30.92,40423.91
2024Q2,2024-06-30,全量,7,AMZN,亚马逊,3.74,22.09,30425.06
2024Q2,2024-06-30,全量,8,LLY,礼来,3.59,4.53,29245.14
2024Q2,2024-06-30,全量,9,SNPS,新思科技,3.29,6.31,26775.18
2024Q2,2024-06-30,全量,11,000333,美的集团,2.47,311.92,20119.14
2024Q2,2024-06-30,全量,12,PDD,拼多多,2.32,19.93,18881.85
2024Q2,2024-06-30,全量,13,MU,美光科技,1.99,17.29,16209.31
2024Q2,2024-06-30,全量,14,COIN,Coinbase Global Inc-A,1.95,10.04,15894.59
2024Q2,2024-06-30,全量,15,ASML,阿斯麦,1.71,1.91,13935.44
2024Q2,2024-06-30,全量,16,AVGO,博通,1.66,1.18,13527.08
2024Q2,2024-06-30,全量,17,TSM,台积电,1.65,10.82,13403.45
2024Q2,2024-06-30,全量,18,03690,美团-W,1.64,131.59,13343.06
2024Q2,2024-06-30,全量,19,MSTR,MicroStrategy Inc-A,1.58,1.31,12889.75
2024Q2,2024-06-30,全量,20,00941,中国移动,1.46,169.55,11915.36
2024Q2,2024-06-30,全量,21,00883,中国海洋石油,1.44,573.4,11722.61
2024Q2,2024-06-30,全量,22,TSLA,特斯拉,1.41,8.12,11455.75
2024Q2,2024-06-30,全量,23,CELH,燃力士控股,1.16,23.24,9454.46
2024Q2,2024-06-30,全量,24,ETN,伊顿,1.11,4.05,9050.61
2024Q2,2024-06-30,全量,25,00857,中国石油股份,1.08,1224.0,8825.25
2024Q2,2024-06-30,全量,26,00700,腾讯控股,1.06,25.38,8626.21
2024Q2,2024-06-30,全量,27,CDNS,铿腾电子,0.99,3.67,8045.8
2024Q2,2024-06-30,全量,28,AMD,超威半导体,0.91,6.44,7442.0
2024Q2,2024-06-30,全量,29,600809,山西汾酒,0.76,29.34,6187.22
2024Q2,2024-06-30,全量,30,RACE,法拉利,0.71,1.98,5768.06
2024Q2,2024-06-30,全量,31,CRWD,CrowdStrike Holdings Inc-A,0.70,2.09,5705.98
2024Q2,2024-06-30,全量,32,FSLR,第一太阳能,0.69,3.5,5628.33
2024Q2,2024-06-30,全量,33,601899,紫金矿业,0.69,317.59,5580.06
2024Q2,2024-06-30,全量,34,VST,Vistra Corp,0.54,7.12,4364.22
2024Q2,2024-06-30,全量,35,CRM,赛富时,0.51,2.25,4126.71
2024Q2,2024-06-30,全量,36,WMT,沃尔玛,0.50,8.45,4078.17
2024Q2,2024-06-30,全量,37,COST,开市客,0.50,0.67,4052.0
2024Q2,2024-06-30,全量,39,02899,紫金矿业,0.43,230.2,3462.43
2024Q2,2024-06-30,全量,40,QCOM,高通,0.39,2.24,3178.15
2024Q2,2024-06-30,全量,41,TDG,TransDigm Group Inc,0.36,0.32,2950.11
2024Q2,2024-06-30,全量,43,TMDX,TransMedics Group Inc,0.31,2.38,2559.51
2024Q2,2024-06-30,全量,44,PANW,派拓网络,0.22,0.75,1806.0
2024Q2,2024-06-30,全量,45,RBLX,Roblox Corp-A,0.17,5.1,1351.27
2024Q2,2024-06-30,全量,46,601857,中国石油,0.15,120.57,1244.28
2024Q2,2024-06-30,全量,47,02420,子不语,0.05,101.85,369.04
2024Q2,2024-06-30,全量,48,09690,途虎-W,0.01,3.99,84.67
2024Q3,2024-09-30,前十,1,NVDA,英伟达,7.96,78.18,66529.6
2024Q3,2024-09-30,前十,2,AAPL,苹果,6.35,32.49,53045.09
2024Q3,2024-09-30,前十,3,META,Meta Platforms Inc-A,6.18,12.88,51660.13
2024Q3,2024-09-30,前十,4,MSFT,微软,5.00,13.86,41804.5
2024Q3,2024-09-30,前十,5,GOOG,谷歌-C,3.85,27.45,32155.77
2024Q3,2024-09-30,前十,6,AMZN,亚马逊,3.58,22.93,29941.01
2024Q3,2024-09-30,前十,7,LLY,礼来,3.39,4.57,28361.87
2024Q3,2024-09-30,前十,8,NOW,现在服务公司,3.31,4.41,27632.11
2024Q3,2024-09-30,前十,9,PDD,拼多多,3.03,26.78,25297.16
2024Q4,2024-12-31,全量,1,NVDA,英伟达,7.32,65.79,63512.07
2024Q4,2024-12-31,全量,2,AAPL,苹果,6.74,32.49,58483.53
2024Q4,2024-12-31,全量,3,META,Meta Platforms Inc-A,6.25,12.88,54204.48
2024Q4,2024-12-31,全量,4,MSFT,微软,5.59,15.99,48459.18
2024Q4,2024-12-31,全量,5,GOOG,谷歌-C,4.18,26.52,36297.95
2024Q4,2024-12-31,全量,6,AMZN,亚马逊,4.17,22.93,36163.95
2024Q4,2024-12-31,全量,7,AVGO,博通,3.78,19.69,32821.21
2024Q4,2024-12-31,全量,8,NOW,现在服务公司,3.74,4.26,32458.28
2024Q4,2024-12-31,全量,10,TSLA,特斯拉,3.28,9.8,28453.4
2024Q4,2024-12-31,全量,11,TSM,台积电,3.09,18.91,26849.31
2024Q4,2024-12-31,全量,12,SNPS,新思科技,2.26,5.62,19613.2
2024Q4,2024-12-31,全量,14,000333,美的集团,1.47,169.29,12734.35
2024Q4,2024-12-31,全量,15,PDD,拼多多,1.37,17.01,11860.12
2024Q4,2024-12-31,全量,16,TCOM,携程,1.09,19.22,9486.68
2024Q4,2024-12-31,全量,17,WMT,沃尔玛,1.06,14.22,9237.76
2024Q4,2024-12-31,全量,18,CRM,赛富时,1.01,3.63,8731.42
2024Q4,2024-12-31,全量,19,RACE,法拉利,0.94,2.67,8142.06
2024Q4,2024-12-31,全量,20,ASML,阿斯麦,0.92,1.61,8010.78
2024Q4,2024-12-31,全量,21,COST,开市客,0.92,1.21,8001.3
2024Q4,2024-12-31,全量,22,CDNS,铿腾电子,0.88,3.54,7654.21
2024Q4,2024-12-31,全量,23,LLY,礼来,0.88,1.37,7624.94
2024Q4,2024-12-31,全量,24,KO,可口可乐,0.73,14.08,6303.07
2024Q4,2024-12-31,全量,25,TDG,TransDigm Group Inc,0.69,0.66,6000.57
2024Q4,2024-12-31,全量,26,DECK,德克斯户外,0.66,3.92,5718.98
2024Q4,2024-12-31,全量,27,ETN,伊顿,0.53,1.93,4601.13
2024Q4,2024-12-31,全量,28,PCG,太平洋煤气电力,0.51,30.54,4430.39
2024Q4,2024-12-31,全量,29,AEP,美国电力,0.51,6.65,4409.85
2024Q4,2024-12-31,全量,30,SRE,桑普拉能源,0.51,6.96,4391.71
2024Q4,2024-12-31,全量,31,SO,南方电力,0.51,7.41,4383.32
2024Q4,2024-12-31,全量,32,DUK,杜克能源,0.51,5.66,4383.31
2024Q4,2024-12-31,全量,33,D,道明尼能源,0.50,11.15,4316.06
2024Q4,2024-12-31,全量,34,00941,中国移动,0.50,60.6,4298.64
2024Q4,2024-12-31,全量,35,ONON,昂跑,0.49,10.91,4294.57
2024Q4,2024-12-31,全量,36,PEG,公共服务企业,0.49,7.04,4274.76
2024Q4,2024-12-31,全量,37,RDDT,Reddit Inc-A,0.49,3.6,4224.14
2024Q4,2024-12-31,全量,38,CEG,Constellation Energy Corp,0.48,2.61,4197.99
2024Q4,2024-12-31,全量,39,00883,中国海洋石油,0.46,227.7,4031.63
2024Q4,2024-12-31,全量,40,SE,Sea Ltd ADR,0.43,4.85,3697.9
2024Q4,2024-12-31,全量,41,CRWD,CrowdStrike Holdings Inc-A,0.41,1.44,3546.23
2024Q4,2024-12-31,全量,43,CELH,燃力士控股,0.40,18.43,3489.73
2024Q4,2024-12-31,全量,44,600809,山西汾酒,0.35,16.64,3065.25
2024Q4,2024-12-31,全量,45,REGN,再生元制药,0.33,0.55,2821.91
2024Q4,2024-12-31,全量,46,AMD,超威半导体,0.32,3.25,2817.94
2024Q4,2024-12-31,全量,47,601899,紫金矿业,0.31,180.09,2722.96
2024Q4,2024-12-31,全量,48,00857,中国石油股份,0.29,437.4,2474.85
2024Q4,2024-12-31,全量,49,AFRM,Affirm Holdings Inc-A,0.27,5.34,2338.5
2024Q4,2024-12-31,全量,50,NKE,耐克,0.27,4.24,2308.07
2024Q4,2024-12-31,全量,51,RBLX,Roblox Corp-A,0.24,4.92,2047.41
2024Q4,2024-12-31,全量,52,PANW,派拓网络,0.22,1.44,1889.28
2024Q4,2024-12-31,全量,53,FSLR,第一太阳能,0.18,1.21,1530.14
2024Q4,2024-12-31,全量,54,02899,紫金矿业,0.12,82.6,1081.58
2024Q4,2024-12-31,全量,55,TMDX,TransMedics Group Inc,0.12,2.3,1032.42
2024Q4,2024-12-31,全量,56,601857,中国石油,0.07,68.37,611.23
2024Q4,2024-12-31,全量,57,02420,子不语,0.05,101.85,457.44
2024Q4,2024-12-31,全量,58,09690,途虎-W,0.01,3.99,66.51
2025Q1,2025-03-31,前十,1,META,Meta Platforms Inc-A,5.22,12.21,50525.48
2025Q1,2025-03-31,前十,2,AAPL,苹果,5.02,30.49,48609.57
2025Q1,2025-03-31,前十,3,NVDA,英伟达,5.02,62.4,48543.2
2025Q1,2025-03-31,前十,4,AMZN,亚马逊,4.83,34.21,46727.3
2025Q1,2025-03-31,前十,6,MSFT,微软,4.14,14.85,40006.82
2025Q1,2025-03-31,前十,7,PM,菲利普莫里斯国际,3.16,26.83,30571.7
2025Q1,2025-03-31,前十,8,00700,腾讯控股,2.69,56.73,26019.02
2025Q1,2025-03-31,前十,9,TSM,台积电,2.38,19.28,22976.19
2025Q1,2025-03-31,前十,10,GOOG,谷歌-C,2.37,20.48,22962.48
2025Q1,2025-03-31,前十,11,GOOGL,谷歌-A,0.00,0.0,3.44
2025Q2,2025-06-30,全量,1,MSFT,微软,5.17,14.11,50247.65
2025Q2,2025-06-30,全量,2,NVDA,英伟达,5.12,44.04,49808.0
2025Q2,2025-06-30,全量,4,META,Meta Platforms Inc-A,4.90,9.02,47649.38
2025Q2,2025-06-30,全量,5,AMZN,亚马逊,4.68,28.96,45485.87
2025Q2,2025-06-30,全量,6,PM,菲利普莫里斯国际,4.53,33.74,43992.68
2025Q2,2025-06-30,全量,7,AAPL,苹果,4.38,28.98,42557.48
2025Q2,2025-06-30,全量,8,NOW,现在服务公司,2.87,3.79,27881.16
2025Q2,2025-06-30,全量,9,AVGO,博通,2.76,13.59,26807.44
2025Q2,2025-06-30,全量,10,09992,泡泡玛特,2.60,103.92,25265.64
2025Q2,2025-06-30,全量,11,SAP,思爱普,2.50,11.14,24249.48
2025Q2,2025-06-30,全量,12,GOOG,谷歌-C,2.48,18.97,24092.11
2025Q2,2025-06-30,全量,15,TSLA,特斯拉,2.12,9.04,20559.7
2025Q2,2025-06-30,全量,16,SNPS,新思科技,2.02,5.34,19609.56
2025Q2,2025-06-30,全量,17,UNH,联合健康,1.86,8.11,18114.49
2025Q2,2025-06-30,全量,18,WMT,沃尔玛,1.65,22.94,16059.57
2025Q2,2025-06-30,全量,19,BTI,英美烟草,1.55,44.56,15098.68
2025Q2,2025-06-30,全量,20,HOOD,Robinhood Markets Inc-A,1.34,19.47,13048.48
2025Q2,2025-06-30,全量,21,CELH,燃力士控股,1.25,36.67,12177.45
2025Q2,2025-06-30,全量,22,PDD,拼多多,1.24,16.15,12096.52
2025Q2,2025-06-30,全量,23,LLY,礼来,1.13,1.97,10989.37
2025Q2,2025-06-30,全量,24,00700,腾讯控股,1.11,23.42,10743.01
2025Q2,2025-06-30,全量,25,01801,信达生物,1.03,140.55,10048.89
2025Q2,2025-06-30,全量,26,AMD,超威半导体,0.96,9.14,9286.9
2025Q2,2025-06-30,全量,29,DG,达乐,0.89,10.6,8682.15
2025Q2,2025-06-30,全量,30,TSM,台积电,0.88,5.3,8589.27
2025Q2,2025-06-30,全量,31,COST,开市客,0.84,1.15,8182.88
2025Q2,2025-06-30,全量,32,HWM,Howmet Aerospace Inc,0.84,6.1,8122.76
2025Q2,2025-06-30,全量,33,TLN,Talen Energy Corp,0.78,3.64,7576.27
2025Q2,2025-06-30,全量,34,CDNS,铿腾电子,0.76,3.37,7430.43
2025Q2,2025-06-30,全量,35,CEG,Constellation Energy Corp,0.73,3.05,7053.06
2025Q2,2025-06-30,全量,36,TDG,TransDigm Group Inc,0.70,0.63,6815.51
2025Q2,2025-06-30,全量,37,RKLB,Rocket Lab Corp,0.67,25.57,6546.87
2025Q2,2025-06-30,全量,38,SE,Sea Ltd ADR,0.60,5.06,5796.41
2025Q2,2025-06-30,全量,39,MELI,MercadoLibre Inc,0.58,0.3,5670.98
2025Q2,2025-06-30,全量,40,VST,Vistra Corp,0.52,3.65,5057.94
2025Q2,2025-06-30,全量,41,CRWD,CrowdStrike Holdings Inc-A,0.50,1.32,4811.92
2025Q2,2025-06-30,全量,42,RACE,法拉利,0.48,1.34,4697.25
2025Q2,2025-06-30,全量,43,SO,南方电力,0.47,7.01,4609.64
2025Q2,2025-06-30,全量,44,DUK,杜克能源,0.47,5.38,4544.06
2025Q2,2025-06-30,全量,45,NKE,耐克,0.45,8.69,4421.05
2025Q2,2025-06-30,全量,46,FTNT,防特网,0.41,5.3,4009.94
2025Q2,2025-06-30,全量,47,ONON,昂跑,0.40,10.46,3898.46
2025Q2,2025-06-30,全量,48,CLS,天弘科技,0.38,3.34,3737.46
2025Q2,2025-06-30,全量,49,DELL,戴尔科技,0.33,3.7,3251.32
2025Q2,2025-06-30,全量,50,AEP,美国电力,0.33,4.31,3198.62
2025Q2,2025-06-30,全量,51,CRDO,Credo Technology Group Holding Ltd,0.32,4.63,3070.16
2025Q2,2025-06-30,全量,52,MRVL,迈威尔科技,0.29,5.17,2865.68
2025Q2,2025-06-30,全量,53,HIMS,Hims & Hers Health Inc-A,0.29,7.82,2791.79
2025Q2,2025-06-30,全量,54,DECK,德克斯户外,0.28,3.72,2747.26
2025Q2,2025-06-30,全量,55,HEI,海科航空,0.27,1.12,2624.38
2025Q2,2025-06-30,全量,56,ASML,阿斯麦,0.26,0.44,2504.13
2025Q2,2025-06-30,全量,57,ETN,伊顿,0.26,0.98,2498.82
2025Q2,2025-06-30,全量,58,03690,美团-W,0.26,21.7,2479.6
2025Q2,2025-06-30,全量,59,RBLX,Roblox Corp-A,0.25,3.18,2393.91
2025Q2,2025-06-30,全量,60,TMUS,T-Mobile US Inc,0.22,1.24,2118.02
2025Q2,2025-06-30,全量,61,TMDX,TransMedics Group Inc,0.22,2.19,2100.34
2025Q2,2025-06-30,全量,62,PANW,派拓网络,0.21,1.37,2011.21
2025Q2,2025-06-30,全量,63,PEG,公共服务企业,0.20,3.26,1967.28
2025Q2,2025-06-30,全量,64,RDDT,Reddit Inc-A,0.19,1.72,1851.03
2025Q2,2025-06-30,全量,65,CRWV,CoreWeave Inc-A,0.19,1.58,1848.86
2025Q2,2025-06-30,全量,66,06181,老铺黄金,0.19,2.01,1847.68
2025Q2,2025-06-30,全量,67,02105,来凯医药-B,0.17,105.2,1675.06
2025Q2,2025-06-30,全量,68,GS,高盛,0.15,0.29,1484.48
2025Q2,2025-06-30,全量,69,CRCL,Circle Internet Group Inc-A,0.15,1.1,1429.38
2025Q2,2025-06-30,全量,70,00005,汇丰控股,0.14,15.28,1323.09
2025Q2,2025-06-30,全量,71,AFRM,Affirm Holdings Inc-A,0.13,2.58,1275.57
2025Q2,2025-06-30,全量,72,YPF,阿根廷YPF,0.12,5.24,1178.69
2025Q2,2025-06-30,全量,73,ZS,Zscaler Inc,0.11,0.46,1022.55
2025Q2,2025-06-30,全量,74,EDN,恩普雷萨电力,0.10,5.32,1009.62
2025Q2,2025-06-30,全量,75,REGN,再生元制药,0.10,0.26,991.43
2025Q2,2025-06-30,全量,76,BRBR,BellRing Brands Inc,0.09,2.17,900.14
2025Q2,2025-06-30,全量,77,V,维萨,0.09,0.33,847.64
2025Q2,2025-06-30,全量,78,T,美国电话电报,0.08,3.88,803.01
2025Q2,2025-06-30,全量,79,CTRA,Coterra Energy Inc,0.08,4.1,744.2
2025Q2,2025-06-30,全量,80,FSLR,第一太阳能,0.07,0.6,708.65
2025Q2,2025-06-30,全量,81,NFLX,奈飞,0.07,0.07,656.66
2025Q2,2025-06-30,全量,82,DLTR,美元树,0.07,0.9,639.65
2025Q2,2025-06-30,全量,83,ADM,阿彻丹尼尔斯米德兰,0.06,1.59,600.49
2025Q2,2025-06-30,全量,84,YUM,Yum! Brands Inc,0.06,0.55,583.31
2025Q2,2025-06-30,全量,85,XOM,埃克森美孚,0.06,0.75,580.08
2025Q2,2025-06-30,全量,86,GD,通用动力,0.06,0.28,574.79
2025Q2,2025-06-30,全量,87,BRO,布朗保险,0.06,0.71,566.29
2025Q2,2025-06-30,全量,88,MMC,威达信,0.06,0.35,552.03
2025Q2,2025-06-30,全量,89,OTIS,Otis Worldwide Corp,0.06,0.77,546.8
2025Q2,2025-06-30,全量,90,LNT,美国联合能源,0.06,1.25,541.1
2025Q2,2025-06-30,全量,91,ADBE,奥多比,0.05,0.19,534.24
2025Q2,2025-06-30,全量,92,FICO,Fair Isaac Corp,0.05,0.04,520.81
2025Q2,2025-06-30,全量,93,02899,紫金矿业,0.05,28.0,511.97
2025Q2,2025-06-30,全量,94,WFC,富国银行,0.05,0.87,498.24
2025Q2,2025-06-30,全量,95,00325,布鲁可,0.04,3.24,417.21
2025Q2,2025-06-30,全量,96,KMI,金德摩根,0.04,1.82,382.73
2025Q2,2025-06-30,全量,97,JPM,摩根大通,0.04,0.17,350.73
2025Q2,2025-06-30,全量,98,JNJ,强生,0.03,0.29,322.36
2025Q2,2025-06-30,全量,99,02420,子不语,0.03,101.85,300.94
2025Q2,2025-06-30,全量,100,CHA,霸王茶姬,0.03,1.56,291.17
2025Q2,2025-06-30,全量,101,IBM,IBM国际商业机器(US),0.02,0.11,232.76
2025Q2,2025-06-30,全量,102,CVS,西维斯健康,0.02,0.47,231.99
2025Q2,2025-06-30,全量,103,BKNG,Booking Holdings,0.02,0.01,223.79
2025Q2,2025-06-30,全量,104,MCHP,微芯科技,0.02,0.44,222.1
2025Q2,2025-06-30,全量,105,INTU,财捷,0.02,0.04,221.02
2025Q2,2025-06-30,全量,106,NVS,诺华制药,0.02,0.25,220.2
2025Q2,2025-06-30,全量,107,GOOGL,谷歌-A,0.02,0.17,218.75
2025Q2,2025-06-30,全量,108,HD,家得宝,0.02,0.08,215.48
2025Q2,2025-06-30,全量,109,LIN,Linde plc,0.02,0.06,213.28
2025Q2,2025-06-30,全量,110,MFC,宏利金融,0.02,0.93,212.29
2025Q2,2025-06-30,全量,111,NEE,新纪元能源,0.02,0.42,207.33
2025Q2,2025-06-30,全量,112,ACN,埃森哲,0.02,0.09,202.62
2025Q2,2025-06-30,全量,113,PLTR,Palantir Technologies Inc-A,0.02,0.19,183.17
2025Q2,2025-06-30,全量,114,09690,途虎-W,0.01,3.99,70.44
2025Q3,2025-09-30,前十,1,NVDA,英伟达,5.69,45.84,60767.61
2025Q3,2025-09-30,前十,2,AAPL,苹果,5.23,30.85,55809.57
2025Q3,2025-09-30,前十,3,MSFT,微软,4.67,13.54,49843.69
2025Q3,2025-09-30,前十,4,AVGO,博通,4.45,20.27,47517.38
2025Q3,2025-09-30,前十,5,META,Meta Platforms Inc-A,4.31,8.82,46020.84
2025Q3,2025-09-30,前十,6,GOOG,谷歌-C,4.24,26.15,45252.35
2025Q3,2025-09-30,前十,7,AMZN,亚马逊,4.11,28.17,43949.87
2025Q3,2025-09-30,前十,9,PM,菲利普莫里斯国际,3.61,33.42,38520.3
2025Q3,2025-09-30,前十,10,HOOD,Robinhood Markets Inc-A,3.35,35.15,35761.92
2025Q3,2025-09-30,前十,11,GOOGL,谷歌-A,0.03,0.17,299.52
2025Q4,2025-12-31,全量,1,GOOG,谷歌-C,6.48,39.71,87591.6
2025Q4,2025-12-31,全量,2,NVDA,英伟达,5.67,58.48,76660.53
2025Q4,2025-12-31,全量,3,AAPL,苹果,4.93,34.85,66593.49
2025Q4,2025-12-31,全量,4,AVGO,博通,4.44,24.66,59992.5
2025Q4,2025-12-31,全量,5,AMZN,亚马逊,3.71,30.92,50171.85
2025Q4,2025-12-31,全量,6,LITE,Lumentum Holdings Inc,3.64,18.98,49167.43
2025Q4,2025-12-31,全量,7,MSFT,微软,3.41,13.54,46037.65
2025Q4,2025-12-31,全量,8,PM,菲利普莫里斯国际,2.79,33.42,37681.63
2025Q4,2025-12-31,全量,9,SNDK,闪迪,2.71,21.93,36590.3
2025Q4,2025-12-31,全量,10,TSLA,特斯拉,2.62,11.2,35416.39
2025Q4,2025-12-31,全量,11,META,Meta Platforms Inc-A,2.35,6.84,31735.14
2025Q4,2025-12-31,全量,12,TER,泰瑞达,2.21,21.99,29918.77
2025Q4,2025-12-31,全量,16,09927,赛力斯,1.34,196.62,18169.23
2025Q4,2025-12-31,全量,17,PDD,拼多多,1.18,19.97,15913.69
2025Q4,2025-12-31,全量,18,HOOD,Robinhood Markets Inc-A,1.14,19.32,15360.32
2025Q4,2025-12-31,全量,19,TSM,台积电,1.07,6.76,14437.53
2025Q4,2025-12-31,全量,20,TLN,Talen Energy Corp,1.05,5.37,14155.32
2025Q4,2025-12-31,全量,21,SNPS,新思科技,1.00,4.08,13464.78
2025Q4,2025-12-31,全量,22,300502,新易盛,0.96,30.0,12925.62
2025Q4,2025-12-31,全量,23,300604,长川科技,0.95,126.79,12845.09
2025Q4,2025-12-31,全量,24,NOW,现在服务公司,0.92,11.6,12485.9
2025Q4,2025-12-31,全量,25,01288,农业银行,0.90,2342.2,12227.72
2025Q4,2025-12-31,全量,26,00883,中国海洋石油,0.87,612.6,11785.56
2025Q4,2025-12-31,全量,27,00700,腾讯控股,0.85,21.15,11442.76
2025Q4,2025-12-31,全量,28,688249,晶合集成,0.82,333.36,11064.15
2025Q4,2025-12-31,全量,29,603993,洛阳钼业,0.81,544.69,10893.81
2025Q4,2025-12-31,全量,30,603986,兆易创新,0.73,46.27,9913.35
2025Q4,2025-12-31,全量,31,300274,阳光电源,0.71,56.31,9632.08
2025Q4,2025-12-31,全量,32,APP,Applovin Corp-A,0.65,1.85,8777.5
2025Q4,2025-12-31,全量,33,RKLB,Rocket Lab Corp,0.61,16.82,8248.95
2025Q4,2025-12-31,全量,34,CEG,Constellation Energy Corp,0.60,3.28,8134.52
2025Q4,2025-12-31,全量,35,NBIS,Nebius Group NV-A,0.60,13.78,8104.64
2025Q4,2025-12-31,全量,36,01801,信达生物,0.59,115.9,7982.09
2025Q4,2025-12-31,全量,37,300751,迈为股份,0.55,36.13,7442.42
2025Q4,2025-12-31,全量,39,VST,Vistra Corp,0.53,6.3,7148.35
2025Q4,2025-12-31,全量,40,688012,中微公司,0.52,24.86,7052.72
2025Q4,2025-12-31,全量,41,CIEN,Ciena科技,0.50,4.12,6770.59
2025Q4,2025-12-31,全量,42,03988,中国银行,0.45,1496.9,6030.05
2025Q4,2025-12-31,全量,43,CELH,燃力士控股,0.43,18.01,5790.1
2025Q4,2025-12-31,全量,44,00981,中芯国际,0.43,89.5,5775.89
2025Q4,2025-12-31,全量,45,SHOP,Shopify Inc-A,0.42,4.98,5635.52
2025Q4,2025-12-31,全量,46,01347,华虹半导体,0.41,81.6,5476.11
2025Q4,2025-12-31,全量,47,SAP,思爱普,0.40,3.15,5386.57
2025Q4,2025-12-31,全量,48,OPEN,Opendoor Technologies Inc,0.39,129.78,5317.91
2025Q4,2025-12-31,全量,49,688072,拓荆科技,0.39,15.9,5245.58
2025Q4,2025-12-31,全量,50,CRWV,CoreWeave Inc-A,0.38,10.31,5189.0
2025Q4,2025-12-31,全量,51,00638,广和通,0.38,380.12,5168.97
2025Q4,2025-12-31,全量,52,MP,MP Materials Corp-A,0.37,14.18,5036.74
2025Q4,2025-12-31,全量,53,COST,开市客,0.36,0.8,4819.88
2025Q4,2025-12-31,全量,54,CLS,天弘科技,0.35,2.27,4708.67
2025Q4,2025-12-31,全量,55,PANW,派拓网络,0.33,3.49,4516.06
2025Q4,2025-12-31,全量,56,CRWD,CrowdStrike Holdings Inc-A,0.31,1.25,4132.36
2025Q4,2025-12-31,全量,57,06090,不同集团,0.30,46.49,4115.09
2025Q4,2025-12-31,全量,58,ADBE,奥多比,0.29,1.62,3983.25
2025Q4,2025-12-31,全量,59,603119,浙江荣泰,0.28,33.04,3821.25
2025Q4,2025-12-31,全量,60,300570,太辰光,0.27,31.67,3659.47
2025Q4,2025-12-31,全量,61,02788,创新实业,0.27,207.3,3639.34
2025Q4,2025-12-31,全量,62,688037,芯源微,0.26,23.75,3527.05
2025Q4,2025-12-31,全量,63,RBLX,Roblox Corp-A,0.24,5.72,3260.12
2025Q4,2025-12-31,全量,64,688627,精智达,0.22,13.31,2976.5
2025Q4,2025-12-31,全量,65,AMKR,艾马克技术,0.21,10.38,2880.56
2025Q4,2025-12-31,全量,66,AMD,超威半导体,0.20,1.81,2717.95
2025Q4,2025-12-31,全量,67,CDNS,铿腾电子,0.20,1.22,2688.76
2025Q4,2025-12-31,全量,71,BE,Bloom Energy Corp-A,0.15,3.27,1994.9
2025Q4,2025-12-31,全量,72,QCOM,高通,0.15,1.65,1982.91
2025Q4,2025-12-31,全量,73,LLY,礼来,0.12,0.21,1571.17
2025Q4,2025-12-31,全量,74,ALAB,Astera Labs Inc,0.11,1.31,1532.27
2025Q4,2025-12-31,全量,75,DG,达乐,0.11,1.63,1523.1
2025Q4,2025-12-31,全量,76,02259,紫金黄金国际,0.11,11.24,1482.22
2025Q4,2025-12-31,全量,77,SE,Sea Ltd ADR,0.10,1.58,1416.64
2025Q4,2025-12-31,全量,78,REGN,再生元制药,0.10,0.25,1360.13
2025Q4,2025-12-31,全量,79,02105,来凯医药-B,0.10,105.2,1289.4
2025Q4,2025-12-31,全量,80,AFRM,Affirm Holdings Inc-A,0.09,2.45,1281.26
2025Q4,2025-12-31,全量,81,01578,天津银行,0.09,553.4,1244.61
2025Q4,2025-12-31,全量,82,MELI,MercadoLibre Inc,0.09,0.09,1228.9
2025Q4,2025-12-31,全量,83,UNH,联合健康,0.09,0.52,1212.34
2025Q4,2025-12-31,全量,84,DUOL,多邻国,0.09,0.96,1185.08
2025Q4,2025-12-31,全量,85,WMT,沃尔玛,0.08,1.37,1072.66
2025Q4,2025-12-31,全量,86,RMBS,Rambus Inc,0.08,1.6,1031.79
2025Q4,2025-12-31,全量,87,SPOT,Spotify Technology SA,0.07,0.23,925.32
2025Q4,2025-12-31,全量,88,HEI,海科航空,0.07,0.39,883.4
2025Q4,2025-12-31,全量,89,TDG,TransDigm Group Inc,0.06,0.09,864.62
2025Q4,2025-12-31,全量,90,RACE,法拉利,0.06,0.29,751.99
2025Q4,2025-12-31,全量,91,300308,中际旭创,0.05,1.21,738.1
2025Q4,2025-12-31,全量,92,HIMS,Hims & Hers Health Inc-A,0.05,2.93,669.68
2025Q4,2025-12-31,全量,93,GOOGL,谷歌-A,0.03,0.17,381.48
2025Q4,2025-12-31,全量,94,GS,高盛,0.02,0.05,302.12
2025Q4,2025-12-31,全量,95,688256,寒武纪,0.02,0.22,298.22
2025Q4,2025-12-31,全量,96,002475,立讯精密,0.02,5.18,293.76
2025Q4,2025-12-31,全量,97,CVS,西维斯健康,0.02,0.47,262.06
2025Q4,2025-12-31,全量,98,HWM,Howmet Aerospace Inc,0.02,0.17,250.17
2025Q4,2025-12-31,全量,99,NVS,诺华制药,0.02,0.25,246.34
2025Q4,2025-12-31,全量,100,MFC,宏利金融,0.02,0.93,236.62
2025Q4,2025-12-31,全量,101,NEE,新纪元能源,0.02,0.42,235.41
2025Q4,2025-12-31,全量,102,PLTR,Palantir Technologies Inc-A,0.02,0.19,234.51
2025Q4,2025-12-31,全量,103,IBM,IBM国际商业机器,0.02,0.11,229.64
2025Q4,2025-12-31,全量,104,601138,工业富联,0.02,3.54,219.66
2025Q4,2025-12-31,全量,105,CTRA,Coterra Energy Inc,0.02,1.16,213.88
2025Q4,2025-12-31,全量,106,BKNG,Booking Holdings,0.02,0.01,203.26
2025Q4,2025-12-31,全量,107,V,维萨,0.01,0.08,201.64
2025Q4,2025-12-31,全量,108,HD,家得宝,0.01,0.08,198.57
2025Q4,2025-12-31,全量,109,MCHP,微芯科技,0.01,0.44,197.47
2025Q4,2025-12-31,全量,110,002230,科大讯飞,0.01,3.87,194.62
2025Q4,2025-12-31,全量,111,LIN,Linde plc,0.01,0.06,190.31
2025Q4,2025-12-31,全量,112,T,美国电话电报,0.01,1.08,188.0
2025Q4,2025-12-31,全量,113,002008,大族激光,0.01,4.48,184.53
2025Q4,2025-12-31,全量,114,002415,海康威视,0.01,6.16,183.81
2025Q4,2025-12-31,全量,115,INTU,财捷,0.01,0.04,182.52
2025Q4,2025-12-31,全量,116,002236,大华股份,0.01,9.62,182.2
2025Q4,2025-12-31,全量,117,ACN,埃森哲,0.01,0.09,178.59
2025Q4,2025-12-31,全量,118,300124,汇川技术,0.01,2.28,171.75
2025Q4,2025-12-31,全量,119,002916,深南电路,0.01,0.7,162.6
2025Q4,2025-12-31,全量,120,688008,澜起科技,0.01,1.36,160.21
2025Q4,2025-12-31,全量,121,002384,东山精密,0.01,1.86,157.45
2025Q4,2025-12-31,全量,122,300750,宁德时代,0.01,0.42,154.25
2025Q4,2025-12-31,全量,123,600183,生益科技,0.01,2.08,148.53
2025Q4,2025-12-31,全量,124,688041,海光信息,0.01,0.64,143.62
2025Q4,2025-12-31,全量,125,002463,沪电股份,0.01,1.95,142.49
2025Q4,2025-12-31,全量,126,002281,光迅科技,0.01,1.93,135.0
2025Q4,2025-12-31,全量,127,688981,中芯国际,0.01,1.04,127.74
2025Q4,2025-12-31,全量,128,000725,京东方A,0.01,29.96,126.13
2025Q4,2025-12-31,全量,129,601318,中国平安,0.01,1.77,121.07
2025Q4,2025-12-31,全量,130,002371,北方华创,0.01,0.26,119.36
2025Q4,2025-12-31,全量,131,603486,科沃斯,0.01,1.46,117.79
2025Q4,2025-12-31,全量,132,000100,TCL科技,0.01,25.66,116.5
2025Q4,2025-12-31,全量,133,601899,紫金矿业,0.01,3.28,113.06
2025Q4,2025-12-31,全量,134,688002,睿创微纳,0.01,1.08,108.86
2025Q4,2025-12-31,全量,135,300033,同花顺,0.01,0.33,106.32
2025Q4,2025-12-31,全量,136,300373,扬杰科技,0.01,1.54,104.72
2025Q4,2025-12-31,全量,137,002993,奥海科技,0.01,2.37,103.59
2025Q4,2025-12-31,全量,138,300219,鸿利智汇,0.01,14.32,103.25
2025Q4,2025-12-31,全量,139,002436,兴森科技,0.01,4.86,102.89
2025Q4,2025-12-31,全量,140,300739,明阳电路,0.01,5.53,101.64
2025Q4,2025-12-31,全量,141,002815,崇达技术,0.01,7.44,101.63
2025Q4,2025-12-31,全量,142,002559,亚威股份,0.01,9.89,100.09
2025Q4,2025-12-31,全量,143,688111,金山办公,0.01,0.32,98.26
2025Q4,2025-12-31,全量,144,300790,宇瞳光学,0.01,3.26,97.51
2025Q4,2025-12-31,全量,145,002558,巨人网络,0.01,2.24,96.97
2025Q4,2025-12-31,全量,146,002049,紫光国微,0.01,1.15,90.63
2025Q4,2025-12-31,全量,147,300454,深信服,0.01,0.78,89.82
2025Q4,2025-12-31,全量,148,600686,金龙汽车,0.01,5.05,89.59
2025Q4,2025-12-31,全量,149,002414,高德红外,0.01,6.01,88.17
2025Q4,2025-12-31,全量,150,600030,中信证券,0.01,3.0,86.13
2025Q4,2025-12-31,全量,151,300602,飞荣达,0.01,2.58,85.55
2025Q4,2025-12-31,全量,152,603501,豪威集团,0.01,0.67,84.35
2025Q4,2025-12-31,全量,153,300458,全志科技,0.01,1.98,83.22
2025Q4,2025-12-31,全量,154,000733,振华科技,0.01,1.55,81.24
2025Q4,2025-12-31,全量,155,000338,潍柴动力,0.01,4.69,80.67
2025Q4,2025-12-31,全量,156,600031,三一重工,0.01,3.66,77.34
2025Q4,2025-12-31,全量,157,300409,道氏技术,0.01,3.4,76.47
2025Q4,2025-12-31,全量,158,301031,中熔电气,0.01,0.67,75.17
2025Q4,2025-12-31,全量,159,603685,晨丰科技,0.01,3.83,74.65
2025Q4,2025-12-31,全量,160,603296,华勤技术,0.01,0.82,74.41
2025Q4,2025-12-31,全量,161,300207,欣旺达,0.01,2.84,74.27
2025Q4,2025-12-31,全量,162,00316,东方海外国际,0.01,0.65,73.62
2025Q4,2025-12-31,全量,163,300433,蓝思科技,0.01,2.41,72.95
2025Q4,2025-12-31,全量,164,XOM,埃克森美孚,0.01,0.09,72.91
2025Q4,2025-12-31,全量,165,300226,上海钢联,0.01,2.88,72.35
2025Q4,2025-12-31,全量,166,002222,福晶科技,0.01,1.28,72.12
2025Q4,2025-12-31,全量,167,002668,TCL智家,0.01,6.94,72.04
2025Q4,2025-12-31,全量,168,301358,湖南裕能,0.01,1.11,71.77
2025Q4,2025-12-31,全量,169,300759,康龙化成,0.01,2.5,71.21
2025Q4,2025-12-31,全量,170,601288,农业银行,0.01,9.21,70.73
2025Q4,2025-12-31,全量,171,603259,药明康德,0.01,0.78,70.7
2025Q4,2025-12-31,全量,172,300438,鹏辉能源,0.01,1.32,70.25
2025Q4,2025-12-31,全量,173,300408,三环集团,0.01,1.53,70.0
2025Q4,2025-12-31,全量,174,688772,珠海冠宇,0.01,3.24,69.76
2025Q4,2025-12-31,全量,175,600104,上汽集团,0.01,4.46,67.88
2025Q4,2025-12-31,全量,176,YUM,Yum! Brands Inc,0.01,0.06,67.73
2025Q4,2025-12-31,全量,177,600989,宝丰能源,0.00,3.44,67.53
2025Q4,2025-12-31,全量,178,601117,中国化学,0.00,8.91,67.09
2025Q4,2025-12-31,全量,179,600933,爱柯迪,0.00,3.33,66.93
2025Q4,2025-12-31,全量,180,000933,神火股份,0.00,2.43,66.75
2025Q4,2025-12-31,全量,181,002624,完美世界,0.00,4.06,66.54
2025Q4,2025-12-31,全量,182,600988,赤峰黄金,0.00,2.13,66.54
2025Q4,2025-12-31,全量,183,603915,国茂股份,0.00,3.6,66.28
2025Q4,2025-12-31,全量,184,002237,恒邦股份,0.00,4.86,65.22
2025Q4,2025-12-31,全量,185,601166,兴业银行,0.00,3.09,65.08
2025Q4,2025-12-31,全量,186,603019,中科曙光,0.00,0.75,64.23
2025Q4,2025-12-31,全量,187,603236,移远通信,0.00,0.67,63.92
2025Q4,2025-12-31,全量,188,603444,吉比特,0.00,0.15,63.58
2025Q4,2025-12-31,全量,189,688369,致远互联,0.00,2.46,62.56
2025Q4,2025-12-31,全量,190,600490,鹏欣资源,0.00,8.09,62.54
2025Q4,2025-12-31,全量,191,300363,博腾股份,0.00,2.68,62.28
2025Q4,2025-12-31,全量,192,600288,大恒科技,0.00,4.1,61.42
2025Q4,2025-12-31,全量,193,002258,利尔化学,0.00,4.66,60.81
2025Q4,2025-12-31,全量,194,DLTR,美元树,0.00,0.07,60.52
2025Q4,2025-12-31,全量,195,600057,厦门象屿,0.00,7.06,60.15
2025Q4,2025-12-31,全量,196,002772,众兴菌业,0.00,4.06,59.24
2025Q4,2025-12-31,全量,197,600487,亨通光电,0.00,2.39,59.1
2025Q4,2025-12-31,全量,198,600919,江苏银行,0.00,5.68,59.07
2025Q4,2025-12-31,全量,199,688678,福立旺,0.00,2.44,59.0
2025Q4,2025-12-31,全量,200,600029,南方航空,0.00,7.36,58.95
2025Q4,2025-12-31,全量,201,688556,高测股份,0.00,5.16,58.93
2025Q4,2025-12-31,全量,202,00288,万洲国际,0.00,7.5,58.73
2025Q4,2025-12-31,全量,203,688700,东威科技,0.00,1.66,58.56
2025Q4,2025-12-31,全量,204,300098,高新兴,0.00,9.59,58.5
2025Q4,2025-12-31,全量,205,09690,途虎-W,0.00,3.99,58.17
2025Q4,2025-12-31,全量,206,601865,福莱特,0.00,3.7,57.98
2025Q4,2025-12-31,全量,207,300185,通裕重工,0.00,20.41,57.96
2025Q4,2025-12-31,全量,208,300130,新国都,0.00,2.08,57.68
2025Q4,2025-12-31,全量,209,603507,振江股份,0.00,2.19,57.62
2025Q4,2025-12-31,全量,210,600941,中国移动,0.00,0.57,57.6
2025Q4,2025-12-31,全量,211,301606,绿联科技,0.00,0.98,57.57
2025Q4,2025-12-31,全量,212,600150,中国船舶,0.00,1.71,56.87
2025Q4,2025-12-31,全量,213,603331,百达精工,0.00,3.97,56.57
2025Q4,2025-12-31,全量,214,300573,兴齐眼药,0.00,0.8,56.23
2025Q4,2025-12-31,全量,215,002493,荣盛石化,0.00,4.78,55.97
2025Q4,2025-12-31,全量,216,603186,华正新材,0.00,1.12,55.55
2025Q4,2025-12-31,全量,217,000425,徐工机械,0.00,4.77,55.24
2025Q4,2025-12-31,全量,218,002185,华天科技,0.00,5.01,54.96
2025Q4,2025-12-31,全量,219,688169,石头科技,0.00,0.36,54.74
2025Q4,2025-12-31,全量,220,301080,百普赛斯,0.00,1.01,54.54
2025Q4,2025-12-31,全量,221,002472,双环传动,0.00,1.15,54.52
2025Q4,2025-12-31,全量,222,688777,中控技术,0.00,1.1,54.27
2025Q4,2025-12-31,全量,223,600361,创新新材,0.00,12.79,54.23
2025Q4,2025-12-31,全量,224,MRSH,达信,0.00,0.04,54.12
2025Q4,2025-12-31,全量,225,300775,三角防务,0.00,1.78,54.11
2025Q4,2025-12-31,全量,226,002918,蒙娜丽莎,0.00,3.8,54.07
2025Q4,2025-12-31,全量,227,300735,光弘科技,0.00,2.17,53.95
2025Q4,2025-12-31,全量,228,688661,和林微纳,0.00,1.04,53.83
2025Q4,2025-12-31,全量,229,688321,微芯生物,0.00,1.84,53.76
2025Q4,2025-12-31,全量,230,300556,丝路视觉,0.00,2.82,53.55
2025Q4,2025-12-31,全量,231,688182,灿勤科技,0.00,1.8,53.14
2025Q4,2025-12-31,全量,232,600887,伊利股份,0.00,1.82,52.05
2025Q4,2025-12-31,全量,233,300925,法本信息,0.00,2.43,51.61
2025Q4,2025-12-31,全量,234,603629,利通电子,0.00,1.93,51.43
2025Q4,2025-12-31,全量,235,300693,盛弘股份,0.00,1.33,50.91
2025Q4,2025-12-31,全量,236,300389,艾比森,0.00,3.13,50.8
2025Q4,2025-12-31,全量,237,000792,盐湖股份,0.00,1.8,50.69
2025Q4,2025-12-31,全量,238,000938,紫光股份,0.00,2.06,50.68
2025Q4,2025-12-31,全量,239,002156,通富微电,0.00,1.34,50.52
2025Q4,2025-12-31,全量,240,300138,晨光生物,0.00,4.07,50.51
2025Q4,2025-12-31,全量,241,000555,神州信息,0.00,3.05,50.48
2025Q4,2025-12-31,全量,242,300400,劲拓股份,0.00,2.54,50.29
2025Q4,2025-12-31,全量,243,301307,美利信,0.00,1.43,49.45
2025Q4,2025-12-31,全量,244,301338,凯格精机,0.00,0.56,49.34
2025Q4,2025-12-31,全量,245,000063,中兴通讯,0.00,1.3,49.19
2025Q4,2025-12-31,全量,246,600415,小商品城,0.00,3.07,48.97
2025Q4,2025-12-31,全量,247,301251,威尔高,0.00,0.93,48.62
2025Q4,2025-12-31,全量,248,600230,沧州大化,0.00,3.13,47.76
2025Q4,2025-12-31,全量,249,002897,意华股份,0.00,0.88,47.58
2025Q4,2025-12-31,全量,250,002396,星网锐捷,0.00,1.57,47.57
2025Q4,2025-12-31,全量,251,600050,中国联通,0.00,9.28,47.42
2025Q4,2025-12-31,全量,252,000598,兴蓉环境,0.00,6.59,47.25
2025Q4,2025-12-31,全量,253,300257,开山股份,0.00,3.27,45.94
2025Q4,2025-12-31,全量,254,688183,生益电子,0.00,0.48,45.93
2025Q4,2025-12-31,全量,255,002314,南山控股,0.00,16.0,45.6
2025Q4,2025-12-31,全量,256,002795,永和智控,0.00,7.18,45.23
2025Q4,2025-12-31,全量,257,002497,雅化集团,0.00,1.81,44.8
2025Q4,2025-12-31,全量,258,600096,云天化,0.00,1.34,44.77
2025Q4,2025-12-31,全量,259,600584,长电科技,0.00,1.21,44.5
2025Q4,2025-12-31,全量,260,00857,中国石油股份,0.00,5.8,43.9
2025Q4,2025-12-31,全量,261,002871,伟隆股份,0.00,2.42,43.56
2025Q4,2025-12-31,全量,262,600166,福田汽车,0.00,14.89,43.48
2025Q4,2025-12-31,全量,263,688636,智明达,0.00,1.0,42.84
2025Q4,2025-12-31,全量,264,300382,斯莱克,0.00,2.72,42.32
2025Q4,2025-12-31,全量,265,002736,国信证券,0.00,3.2,41.98
2025Q4,2025-12-31,全量,266,600519,贵州茅台,0.00,0.03,41.32
2025Q4,2025-12-31,全量,267,300171,东富龙,0.00,2.63,41.29
2025Q4,2025-12-31,全量,268,301270,汉仪股份,0.00,1.1,41.12
2025Q4,2025-12-31,全量,269,002033,丽江股份,0.00,4.48,40.99
2025Q4,2025-12-31,全量,270,600690,海尔智家,0.00,1.57,40.96
2025Q4,2025-12-31,全量,271,301321,翰博高新,0.00,2.14,40.77
2025Q4,2025-12-31,全量,272,600795,国电电力,0.00,8.08,40.72
2025Q4,2025-12-31,全量,273,300921,南凌科技,0.00,1.77,40.66
2025Q4,2025-12-31,全量,274,600549,厦门钨业,0.00,0.99,40.65
2025Q4,2025-12-31,全量,275,688307,中润光学,0.00,0.94,40.62
2025Q4,2025-12-31,全量,276,301283,聚胶股份,0.00,0.85,40.61
2025Q4,2025-12-31,全量,277,601939,建设银行,0.00,4.37,40.55
2025Q4,2025-12-31,全量,278,603897,长城科技,0.00,1.48,40.26
2025Q4,2025-12-31,全量,279,600782,新钢股份,0.00,10.37,40.24
2025Q4,2025-12-31,全量,280,603656,泰禾智能,0.00,1.73,39.84
2025Q4,2025-12-31,全量,281,600267,海正药业,0.00,4.02,39.76
2025Q4,2025-12-31,全量,282,002517,恺英网络,0.00,1.81,39.58
2025Q4,2025-12-31,全量,283,001896,豫能控股,0.00,7.61,39.57
2025Q4,2025-12-31,全量,284,301097,天益医疗,0.00,0.76,39.23
2025Q4,2025-12-31,全量,285,002645,华宏科技,0.00,2.6,38.06
2025Q4,2025-12-31,全量,286,688333,铂力特,0.00,0.34,37.91
2025Q4,2025-12-31,全量,287,600019,宝钢股份,0.00,5.08,37.85
2025Q4,2025-12-31,全量,288,000726,鲁泰A,0.00,5.3,37.74
2025Q4,2025-12-31,全量,289,605567,春雪食品,0.00,3.42,37.62
2025Q4,2025-12-31,全量,290,688235,百济神州,0.00,0.14,37.6
2025Q4,2025-12-31,全量,291,002826,易明医药,0.00,2.04,37.5
2025Q4,2025-12-31,全量,292,300190,维尔利,0.00,8.64,37.07
2025Q4,2025-12-31,全量,293,688347,华虹公司,0.00,0.34,36.68
2025Q4,2025-12-31,全量,294,601111,中国国航,0.00,3.91,36.64
2025Q4,2025-12-31,全量,295,03360,远东宏信,0.00,5.0,36.31
2025Q4,2025-12-31,全量,296,002080,中材科技,0.00,0.99,35.98
2025Q4,2025-12-31,全量,297,000333,美的集团,0.00,0.46,35.95
2025Q4,2025-12-31,全量,298,688609,九联科技,0.00,3.52,35.94
2025Q4,2025-12-31,全量,299,688362,甬矽电子,0.00,1.1,35.65
2025Q4,2025-12-31,全量,300,600066,宇通客车,0.00,1.09,35.64
2025Q4,2025-12-31,全量,301,00005,汇丰控股,0.00,0.32,35.38
2025Q4,2025-12-31,全量,302,000783,长江证券,0.00,4.34,35.37
2025Q4,2025-12-31,全量,303,01308,海丰国际,0.00,1.4,35.23
2025Q4,2025-12-31,全量,304,600262,北方股份,0.00,1.33,34.62
2025Q4,2025-12-31,全量,305,002091,江苏国泰,0.00,3.81,34.4
2025Q4,2025-12-31,全量,306,002664,信质集团,0.00,1.42,34.02
2025Q4,2025-12-31,全量,307,300971,博亚精工,0.00,1.39,34.0
2025Q4,2025-12-31,全量,308,002246,北化股份,0.00,1.88,33.88
2025Q4,2025-12-31,全量,309,002532,天山铝业,0.00,2.09,33.82
2025Q4,2025-12-31,全量,310,000531,穗恒运A,0.00,5.25,33.65
2025Q4,2025-12-31,全量,311,600801,华新建材,0.00,1.37,33.62
2025Q4,2025-12-31,全量,312,600999,招商证券,0.00,2.01,33.45
2025Q4,2025-12-31,全量,313,00941,中国移动,0.00,0.45,33.21
2025Q4,2025-12-31,全量,314,688208,道通科技,0.00,0.9,33.12
2025Q4,2025-12-31,全量,315,002527,新时达,0.00,1.85,32.82
2025Q4,2025-12-31,全量,316,002787,华源控股,0.00,2.63,32.74
2025Q4,2025-12-31,全量,317,605305,中际联合,0.00,0.78,32.49
2025Q4,2025-12-31,全量,318,300394,天孚通信,0.00,0.16,32.48
2025Q4,2025-12-31,全量,319,00177,江苏宁沪高速公路,0.00,3.6,32.48
2025Q4,2025-12-31,全量,320,603681,永冠新材,0.00,1.71,32.46
2025Q4,2025-12-31,全量,321,600496,精工钢构,0.00,7.81,32.41
2025Q4,2025-12-31,全量,322,603901,永创智能,0.00,2.28,32.38
2025Q4,2025-12-31,全量,323,301108,洁雅股份,0.00,0.97,32.26
2025Q4,2025-12-31,全量,324,300644,南京聚隆,0.00,0.87,32.11
2025Q4,2025-12-31,全量,325,600011,华能国际,0.00,4.27,31.85
2025Q4,2025-12-31,全量,326,601601,中国太保,0.00,0.76,31.85
2025Q4,2025-12-31,全量,327,002523,天桥起重,0.00,7.42,31.83
2025Q4,2025-12-31,全量,328,000837,秦川机床,0.00,2.47,31.81
2025Q4,2025-12-31,全量,329,301257,普蕊斯,0.00,0.61,31.74
2025Q4,2025-12-31,全量,330,300496,中科创达,0.00,0.47,31.73
2025Q4,2025-12-31,全量,331,601991,大唐发电,0.00,9.07,31.65
2025Q4,2025-12-31,全量,332,688308,欧科亿,0.00,1.0,31.64
2025Q4,2025-12-31,全量,333,601898,中煤能源,0.00,2.53,31.47
2025Q4,2025-12-31,全量,334,002533,金杯电工,0.00,2.51,31.32
2025Q4,2025-12-31,全量,335,002410,广联达,0.00,2.48,31.2
2025Q4,2025-12-31,全量,336,601918,新集能源,0.00,4.71,31.13
2025Q4,2025-12-31,全量,337,06818,中国光大银行,0.00,9.4,30.9
2025Q4,2025-12-31,全量,338,601088,中国神华,0.00,0.76,30.78
2025Q4,2025-12-31,全量,339,688088,虹软科技,0.00,0.62,30.69
2025Q4,2025-12-31,全量,340,002863,今飞凯达,0.00,5.22,30.64
2025Q4,2025-12-31,全量,341,600346,恒力石化,0.00,1.36,30.64
2025Q4,2025-12-31,全量,342,600232,金鹰股份,0.00,3.87,30.61
2025Q4,2025-12-31,全量,343,001979,招商蛇口,0.00,3.54,30.59
2025Q4,2025-12-31,全量,344,300041,回天新材,0.00,2.76,30.58
2025Q4,2025-12-31,全量,345,300024,机器人,0.00,1.68,30.56
2025Q4,2025-12-31,全量,346,002248,华东数控,0.00,2.64,30.44
2025Q4,2025-12-31,全量,347,600512,腾达建设,0.00,12.53,30.32
2025Q4,2025-12-31,全量,348,02666,环球医疗,0.00,5.6,30.1
2025Q4,2025-12-31,全量,349,603500,祥和实业,0.00,2.51,30.07
2025Q4,2025-12-31,全量,350,000899,赣能股份,0.00,3.03,30.0
2025Q4,2025-12-31,全量,351,600805,悦达投资,0.00,5.45,29.59
2025Q4,2025-12-31,全量,352,688162,巨一科技,0.00,0.96,29.57
2025Q4,2025-12-31,全量,353,600785,新华百货,0.00,2.18,29.54
2025Q4,2025-12-31,全量,354,002111,威海广泰,0.00,2.8,29.46
2025Q4,2025-12-31,全量,355,603118,共进股份,0.00,2.56,29.44
2025Q4,2025-12-31,全量,356,002114,罗平锌电,0.00,3.49,29.39
2025Q4,2025-12-31,全量,357,300283,温州宏丰,0.00,3.88,29.22
2025Q4,2025-12-31,全量,358,300043,星辉娱乐,0.00,5.14,29.04
2025Q4,2025-12-31,全量,359,300588,熙菱信息,0.00,1.06,28.62
2025Q4,2025-12-31,全量,360,601336,新华保险,0.00,0.41,28.58
2025Q4,2025-12-31,全量,361,688396,华润微,0.00,0.54,28.54
2025Q4,2025-12-31,全量,362,688062,迈威生物,0.00,0.74,28.48
2025Q4,2025-12-31,全量,363,600497,驰宏锌锗,0.00,3.84,28.07
2025Q4,2025-12-31,全量,364,600039,四川路桥,0.00,2.81,27.96
2025Q4,2025-12-31,全量,365,600833,第一医药,0.00,2.16,27.93
2025Q4,2025-12-31,全量,366,688160,步科股份,0.00,0.18,27.45
2025Q4,2025-12-31,全量,367,300106,西部牧业,0.00,2.52,27.09
2025Q4,2025-12-31,全量,368,002582,好想你,0.00,2.45,27.07
2025Q4,2025-12-31,全量,369,688322,奥比中光,0.00,0.3,26.9
2025Q4,2025-12-31,全量,370,605499,东鹏饮料,0.00,0.1,26.74
2025Q4,2025-12-31,全量,371,688213,思特威,0.00,0.28,26.63
2025Q4,2025-12-31,全量,372,300073,当升科技,0.00,0.46,26.59
2025Q4,2025-12-31,全量,373,300319,麦捷科技,0.00,2.26,26.42
2025Q4,2025-12-31,全量,374,03311,中国建筑国际,0.00,3.2,26.33
2025Q4,2025-12-31,全量,375,002793,罗欣药业,0.00,5.46,26.21
2025Q4,2025-12-31,全量,376,002241,歌尔股份,0.00,0.9,25.86
2025Q4,2025-12-31,全量,377,600100,同方股份,0.00,2.87,25.6
2025Q4,2025-12-31,全量,378,603505,金石资源,0.00,1.37,25.59
2025Q4,2025-12-31,全量,379,002470,金正大,0.00,14.27,25.4
2025Q4,2025-12-31,全量,380,600189,泉阳泉,0.00,3.67,25.36
2025Q4,2025-12-31,全量,381,300264,佳创视讯,0.00,3.73,25.03
2025Q4,2025-12-31,全量,382,002142,宁波银行,0.00,0.89,25.0
2025Q4,2025-12-31,全量,383,02388,中银香港,0.00,0.7,24.92
2025Q4,2025-12-31,全量,384,001337,四川黄金,0.00,0.89,24.8
2025Q4,2025-12-31,全量,385,002028,思源电气,0.00,0.16,24.73
2025Q4,2025-12-31,全量,386,603982,泉峰汽车,0.00,2.93,24.52
2025Q4,2025-12-31,全量,387,601009,南京银行,0.00,2.14,24.46
2025Q4,2025-12-31,全量,388,002967,广电计量,0.00,1.11,24.43
2025Q4,2025-12-31,全量,389,03877,中国船舶租赁,0.00,12.8,24.28
2025Q4,2025-12-31,全量,390,600115,中国东航,0.00,4.03,24.18
2025Q4,2025-12-31,全量,391,601628,中国人寿,0.00,0.53,24.12
2025Q4,2025-12-31,全量,392,002016,世荣兆业,0.00,4.09,23.64
2025Q4,2025-12-31,全量,393,002555,三七互娱,0.00,1.0,23.6
2025Q4,2025-12-31,全量,394,300620,光库科技,0.00,0.16,23.53
2025Q4,2025-12-31,全量,395,000157,中联重科,0.00,2.69,23.21
2025Q4,2025-12-31,全量,396,00384,中国燃气,0.00,3.3,22.89
2025Q4,2025-12-31,全量,397,601007,金陵饭店,0.00,2.93,22.88
2025Q4,2025-12-31,全量,398,688148,芳源股份,0.00,2.6,22.8
2025Q4,2025-12-31,全量,399,688702,盛科通信,0.00,0.16,22.67
2025Q4,2025-12-31,全量,400,688271,联影医疗,0.00,0.18,22.59
2025Q4,2025-12-31,全量,401,02420,子不语,0.00,6.0,22.49
2025Q4,2025-12-31,全量,402,002796,世嘉科技,0.00,0.81,22.46
2025Q4,2025-12-31,全量,403,601377,兴业证券,0.00,3.02,22.41
2025Q4,2025-12-31,全量,404,002004,华邦健康,0.00,4.68,22.37
2025Q4,2025-12-31,全量,405,300511,雪榕生物,0.00,3.58,22.34
2025Q4,2025-12-31,全量,406,300903,科翔股份,0.00,1.15,22.18
2025Q4,2025-12-31,全量,407,00083,信和置业,0.00,2.4,22.15
2025Q4,2025-12-31,全量,408,600372,中航机载,0.00,1.65,22.14
2025Q4,2025-12-31,全量,409,603126,中材节能,0.00,3.27,21.97
2025Q4,2025-12-31,全量,410,300850,新强联,0.00,0.53,21.93
2025Q4,2025-12-31,全量,411,000586,汇源通信,0.00,1.62,21.92
2025Q4,2025-12-31,全量,412,300032,金龙机电,0.00,4.08,21.91
2025Q4,2025-12-31,全量,413,002507,涪陵榨菜,0.00,1.69,21.82
2025Q4,2025-12-31,全量,414,000895,双汇发展,0.00,0.82,21.71
2025Q4,2025-12-31,全量,415,002560,通达股份,0.00,2.15,21.67
2025Q4,2025-12-31,全量,416,002297,博云新材,0.00,1.81,21.67
2025Q4,2025-12-31,全量,417,00728,中国电信,0.00,4.4,21.42
2025Q4,2025-12-31,全量,418,000988,华工科技,0.00,0.27,21.42
2025Q4,2025-12-31,全量,419,600332,白云山,0.00,0.83,21.36
2025Q4,2025-12-31,全量,420,300464,星徽股份,0.00,3.35,21.24
2025Q4,2025-12-31,全量,421,000589,贵州轮胎,0.00,4.1,21.24
2025Q4,2025-12-31,全量,422,601319,中国人保,0.00,2.37,21.21
2025Q4,2025-12-31,全量,423,301603,乔锋智能,0.00,0.28,21.2
2025Q4,2025-12-31,全量,424,600351,亚宝药业,0.00,3.26,21.16
2025Q4,2025-12-31,全量,425,603288,海天味业,0.00,0.57,21.1
2025Q4,2025-12-31,全量,426,000422,湖北宜化,0.00,1.48,21.03
2025Q4,2025-12-31,全量,427,001283,豪鹏科技,0.00,0.3,21.0
2025Q4,2025-12-31,全量,428,600718,东软集团,0.00,2.07,20.84
2025Q4,2025-12-31,全量,429,300771,智莱科技,0.00,1.34,20.77
2025Q4,2025-12-31,全量,430,688222,成都先导,0.00,0.88,20.64
2025Q4,2025-12-31,全量,431,002756,永兴材料,0.00,0.38,20.62
2025Q4,2025-12-31,全量,432,300866,安克创新,0.00,0.18,20.59
2025Q4,2025-12-31,全量,433,300707,威唐工业,0.00,1.24,20.4
2025Q4,2025-12-31,全量,434,00012,恒基地产,0.00,0.8,20.33
2025Q4,2025-12-31,全量,435,600428,中远海特,0.00,2.86,20.31
2025Q4,2025-12-31,全量,436,000539,粤电力A,0.00,4.59,20.29
2025Q4,2025-12-31,全量,437,603218,日月股份,0.00,1.52,20.14
2025Q4,2025-12-31,全量,438,300645,正元智慧,0.00,1.07,20.04
2025Q4,2025-12-31,全量,439,000823,超声电子,0.00,1.47,19.93
2025Q4,2025-12-31,全量,440,301236,软通动力,0.00,0.42,19.92
2025Q4,2025-12-31,全量,441,601688,华泰证券,0.00,0.84,19.82
2025Q4,2025-12-31,全量,442,688343,云天励飞,0.00,0.26,19.78
2025Q4,2025-12-31,全量,443,600522,中天科技,0.00,1.09,19.75
2025Q4,2025-12-31,全量,444,002487,大金重工,0.00,0.38,19.73
2025Q4,2025-12-31,全量,445,00762,中国联通,0.00,2.8,19.68
2025Q4,2025-12-31,全量,446,600067,冠城新材,0.00,4.71,19.55
2025Q4,2025-12-31,全量,447,300681,英搏尔,0.00,0.77,19.3
2025Q4,2025-12-31,全量,448,688017,绿的谐波,0.00,0.1,19.21
2025Q4,2025-12-31,全量,449,00293,国泰航空,0.00,1.7,19.09
2025Q4,2025-12-31,全量,450,603115,海星股份,0.00,1.02,19.08
2025Q4,2025-12-31,全量,451,688639,华恒生物,0.00,0.58,18.9
2025Q4,2025-12-31,全量,452,600578,京能电力,0.00,3.67,18.72
2025Q4,2025-12-31,全量,453,600210,紫江企业,0.00,2.54,18.67
2025Q4,2025-12-31,全量,454,601600,中国铝业,0.00,1.52,18.57
2025Q4,2025-12-31,全量,455,003017,大洋生物,0.00,0.62,18.51
2025Q4,2025-12-31,全量,456,000757,浩物股份,0.00,3.78,18.41
2025Q4,2025-12-31,全量,457,002323,雅博股份,0.00,11.09,18.19
2025Q4,2025-12-31,全量,458,000932,华菱钢铁,0.00,3.22,18.1
2025Q4,2025-12-31,全量,459,688600,皖仪科技,0.00,0.72,18.04
2025Q4,2025-12-31,全量,460,688312,燕麦科技,0.00,0.54,17.92
2025Q4,2025-12-31,全量,461,301126,达嘉维康,0.00,1.43,17.57
2025Q4,2025-12-31,全量,462,300158,振东制药,0.00,3.02,17.55
2025Q4,2025-12-31,全量,463,300018,中元股份,0.00,1.59,17.49
2025Q4,2025-12-31,全量,464,600660,福耀玻璃,0.00,0.27,17.49
2025Q4,2025-12-31,全量,465,300240,飞力达,0.00,2.31,17.42
2025Q4,2025-12-31,全量,466,00683,嘉里建设,0.00,0.95,17.4
2025Q4,2025-12-31,全量,467,002172,澳洋健康,0.00,4.38,17.39
2025Q4,2025-12-31,全量,468,000850,华茂股份,0.00,3.1,16.96
2025Q4,2025-12-31,全量,469,301526,国际复材,0.00,2.4,16.8
2025Q4,2025-12-31,全量,470,301536,星宸科技,0.00,0.28,16.77
2025Q4,2025-12-31,全量,471,688599,天合光能,0.00,1.0,16.55
2025Q4,2025-12-31,全量,472,300008,天海防务,0.00,2.08,16.41
2025Q4,2025-12-31,全量,473,002031,巨轮智能,0.00,2.06,16.19
2025Q4,2025-12-31,全量,474,002139,拓邦股份,0.00,1.16,15.98
2025Q4,2025-12-31,全量,475,000977,浪潮信息,0.00,0.24,15.98
2025Q4,2025-12-31,全量,476,002448,中原内配,0.00,1.23,15.9
2025Q4,2025-12-31,全量,477,002023,海特高新,0.00,1.16,15.71
2025Q4,2025-12-31,全量,478,603967,中创物流,0.00,1.14,15.65
2025Q4,2025-12-31,全量,479,601988,中国银行,0.00,2.72,15.59
2025Q4,2025-12-31,全量,480,600082,海泰发展,0.00,3.82,15.51
2025Q4,2025-12-31,全量,481,002293,罗莱生活,0.00,1.5,15.41
2025Q4,2025-12-31,全量,482,300014,亿纬锂能,0.00,0.23,15.12
2025Q4,2025-12-31,全量,483,300567,精测电子,0.00,0.16,14.59
2025Q4,2025-12-31,全量,484,601186,中国铁建,0.00,1.86,14.27
2025Q4,2025-12-31,全量,485,600027,华电国际,0.00,2.87,14.24
2025Q4,2025-12-31,全量,486,300003,乐普医疗,0.00,0.9,14.23
2025Q4,2025-12-31,全量,487,002460,赣锋锂业,0.00,0.22,13.84
2025Q4,2025-12-31,全量,488,000408,藏格矿业,0.00,0.16,13.5
2025Q4,2025-12-31,全量,489,002705,新宝股份,0.00,0.94,13.4
2025Q4,2025-12-31,全量,490,600438,通威股份,0.00,0.65,13.34
2025Q4,2025-12-31,全量,491,000034,神州数码,0.00,0.34,13.23
2025Q4,2025-12-31,全量,492,301007,德迈仕,0.00,0.32,12.97
2025Q4,2025-12-31,全量,493,000659,珠海中富,0.00,3.19,12.95
2025Q4,2025-12-31,全量,494,601658,邮储银行,0.00,2.36,12.86
2025Q4,2025-12-31,全量,495,00836,华润电力,0.00,0.8,12.51
2025Q4,2025-12-31,全量,496,688331,荣昌生物,0.00,0.16,12.45
2025Q4,2025-12-31,全量,497,00598,中国外运,0.00,2.8,12.27
2025Q4,2025-12-31,全量,498,600558,大西洋,0.00,2.0,12.2
2025Q4,2025-12-31,全量,499,601998,中信银行,0.00,1.53,11.78
2025Q4,2025-12-31,全量,500,00576,浙江沪杭甬,0.00,1.8,11.66
2026Q1,2026-03-31,前十,1,ASML,阿斯麦,5.21,8.57,78350.74
2026Q1,2026-03-31,前十,2,02513,智谱,5.10,133.92,76700.8
2026Q1,2026-03-31,前十,3,GOOG,谷歌-C,4.94,37.45,74331.1
2026Q1,2026-03-31,前十,4,NVDA,英伟达,4.47,55.67,67179.04
2026Q1,2026-03-31,前十,5,AAPL,苹果,4.07,34.85,61199.55
2026Q1,2026-03-31,前十,6,AMZN,亚马逊,4.02,41.97,60487.15
2026Q1,2026-03-31,前十,7,LRCX,拉姆研究,4.01,40.72,60206.03
2026Q1,2026-03-31,前十,8,SNDK,闪迪,3.54,12.12,53268.85
2026Q1,2026-03-31,前十,9,AVGO,博通,3.27,22.94,49124.77
2026Q1,2026-03-31,前十,10,MU,美光科技,3.26,20.93,48937.54
2026Q1,2026-03-31,前十,11,GOOGL,谷歌-A,0.02,0.17,345.02
